-- Seed: MVP popular indoor plants + potted flowers (50 records)
-- Enriched fields: aka_names, real image URLs, and toxic details from ASPCA pages.
-- Safety: This reset intentionally replaces existing mock data.

BEGIN;

DELETE FROM alternatives;
DELETE FROM citations;
DELETE FROM plants;

INSERT INTO plants (
  id,
  common_name,
  scientific_name,
  aka_names,
  flower_colors,
  primary_image_url,
  photo_urls,
  safety_status,
  symptoms,
  toxic_parts
)
VALUES
  ('golden-pothos', 'Golden Pothos', 'Epipremnum aureum', ARRAY['Devils Ivy', 'Ivy Arum', 'Taro Vine']::text[], ARRAY['green', 'yellow']::text[], 'https://upload.wikimedia.org/wikipedia/commons/6/62/Money_Plant_%28Epipremnum_aureum%29_4.jpg', ARRAY['https://upload.wikimedia.org/wikipedia/commons/6/62/Money_Plant_%28Epipremnum_aureum%29_4.jpg', 'https://upload.wikimedia.org/wikipedia/commons/9/9d/Epipremnum_aureum_31082012.jpg', 'https://upload.wikimedia.org/wikipedia/commons/d/de/Epipremnum_aureum_in_Udawattakele.jpg']::text[], 'mildly_toxic', 'Oral irritation, intense burning and irritation of mouth, tongue and lips, excessive drooling, vomiting, difficulty swallowing.', 'Insoluble calcium oxalates'),
  ('snake-plant', 'Snake Plant', 'Sansevieria trifasciata', ARRAY['Golden Birds Nest', 'Mother-in-Law’s Tongue']::text[], ARRAY['green', 'yellow']::text[], 'https://upload.wikimedia.org/wikipedia/commons/f/fb/Snake_Plant_%28Sansevieria_trifasciata_%27Laurentii%27%29.jpg', ARRAY['https://upload.wikimedia.org/wikipedia/commons/f/fb/Snake_Plant_%28Sansevieria_trifasciata_%27Laurentii%27%29.jpg', 'https://upload.wikimedia.org/wikipedia/commons/b/b8/Snake_Plant_%28Sansevieria_trifasciata_%27Laurentii%27%29_1.jpg', 'https://upload.wikimedia.org/wikipedia/commons/d/da/Sansevieria_trifasciata_Plant_3264px.jpg']::text[], 'mildly_toxic', 'Nausea, vomiting, diarrhea.', 'Saponins'),
  ('swiss-cheese-plant', 'Swiss Cheese Plant', 'Monstera deliciosa', ARRAY['Ceriman', 'Cutleaf Philodendron', 'Hurricane Plant', 'Mexican Breadfruit', 'Mother-in-Law']::text[], ARRAY['green', 'white']::text[], 'https://upload.wikimedia.org/wikipedia/commons/2/2e/Monstera_deliciosa2.jpg', ARRAY['https://upload.wikimedia.org/wikipedia/commons/2/2e/Monstera_deliciosa2.jpg', 'https://upload.wikimedia.org/wikipedia/commons/8/8e/Indoor_Monstera_deliciosa.jpg', 'https://upload.wikimedia.org/wikipedia/commons/f/f2/Monstera_deliciosa3.jpg']::text[], 'mildly_toxic', 'Oral irritation, intense burning and irritation of mouth, tongue and lips, excessive drooling, vomiting, difficulty swallowing.', 'Insoluble calcium oxalates'),
  ('heartleaf-philodendron', 'Heartleaf Philodendron', 'Philodendron hederaceum', ARRAY['Cordatum', 'Fiddle-Leaf', 'Horsehead Philodendron', 'Lacy Tree Philodendron', 'Panda Plant', 'Philodendron Pertusum']::text[], ARRAY['green']::text[], 'https://upload.wikimedia.org/wikipedia/commons/b/bb/Philodendron_scandens_subsp_oxycardium2.jpg', ARRAY['https://upload.wikimedia.org/wikipedia/commons/b/bb/Philodendron_scandens_subsp_oxycardium2.jpg', 'https://upload.wikimedia.org/wikipedia/commons/1/1b/Philodendron_hederaceum_hederaceum_0zz.jpg', 'https://upload.wikimedia.org/wikipedia/commons/8/89/Philodendron_hederaceum_%2825177319755%29.jpg']::text[], 'mildly_toxic', 'Oral irritation, pain and swelling of mouth, tongue and lips, excessive drooling, vomiting (not horses), difficulty swallowing', 'Insoluble calcium oxalates'),
  ('peace-lily', 'Peace Lily', 'Spathiphyllum', ARRAY['Mauna Loa Peace Lily']::text[], ARRAY['white', 'green']::text[], 'https://upload.wikimedia.org/wikipedia/commons/b/bd/Spathiphyllum_cochlearispathum_RTBG.jpg', ARRAY['https://upload.wikimedia.org/wikipedia/commons/b/bd/Spathiphyllum_cochlearispathum_RTBG.jpg', 'https://upload.wikimedia.org/wikipedia/commons/a/a1/Peace_lily_-_2.jpg', 'https://upload.wikimedia.org/wikipedia/commons/0/0f/Peace_Lily%2C_Spathiphyllum_Genus.jpg']::text[], 'mildly_toxic', 'Oral irritation, intense burning and irritation of mouth, tongue and lips, excessive drooling, vomiting, difficulty swallowing.', 'Insoluble calcium oxalates'),
  ('spider-plant', 'Spider Plant', 'Chlorophytum comosum', ARRAY['Anthericum Comosum', 'Ribbon Plant (Chlorophytum Comosum)', 'Spider Ivy', 'Walking Anthericum']::text[], ARRAY['green', 'white']::text[], 'https://upload.wikimedia.org/wikipedia/commons/6/6c/Chlorophytum_comosum_01.jpg', ARRAY['https://upload.wikimedia.org/wikipedia/commons/6/6c/Chlorophytum_comosum_01.jpg', 'https://upload.wikimedia.org/wikipedia/commons/c/cf/Chlorophytum_comosum_Ampel.jpg', 'https://upload.wikimedia.org/wikipedia/commons/f/fd/SpiderPlantPlantlets.jpg']::text[], 'non_toxic', NULL, NULL),
  ('dracaena', 'Dracaena', 'Dracaena spp.', ARRAY['Ribbon Plant']::text[], ARRAY['green']::text[], 'https://upload.wikimedia.org/wikipedia/commons/6/61/Dracaena_reflexa.JPG', ARRAY['https://upload.wikimedia.org/wikipedia/commons/6/61/Dracaena_reflexa.JPG', 'https://upload.wikimedia.org/wikipedia/commons/7/76/Dracaena_surculosa.jpg', 'https://upload.wikimedia.org/wikipedia/commons/f/f7/Dracaena_draco.jpg']::text[], 'mildly_toxic', 'Vomiting (occasionally with blood), depression, anorexia, hypersalivation, dilated pupils (cats).', 'Saponins'),
  ('money-tree', 'Money Tree', 'Pachira aquatica', ARRAY['Guiana Chestnut', 'Malabar Chestnut', 'Saba Nut']::text[], ARRAY['green']::text[], 'https://upload.wikimedia.org/wikipedia/commons/1/11/Pachira_aquatica_%28Malabar_Chestnut%29.jpg', ARRAY['https://upload.wikimedia.org/wikipedia/commons/1/11/Pachira_aquatica_%28Malabar_Chestnut%29.jpg', 'https://upload.wikimedia.org/wikipedia/commons/3/3a/Pachira_aquatica_dsc07814.jpg', 'https://upload.wikimedia.org/wikipedia/commons/d/d4/Starr_061223-2740_Pachira_aquatica.jpg']::text[], 'non_toxic', NULL, NULL),
  ('corn-plant', 'Corn Plant', 'Dracaena fragrans', ARRAY['Cornstalk Plant']::text[], ARRAY['green', 'yellow']::text[], 'https://upload.wikimedia.org/wikipedia/commons/7/78/Corn_Plant_%28Dracaena_fragrans_%27Massangeana%27%29.jpg', ARRAY['https://upload.wikimedia.org/wikipedia/commons/7/78/Corn_Plant_%28Dracaena_fragrans_%27Massangeana%27%29.jpg', 'https://upload.wikimedia.org/wikipedia/commons/e/e9/Corn_plant.jpg', 'https://upload.wikimedia.org/wikipedia/commons/1/15/Dracaena_fragrans.jpg']::text[], 'mildly_toxic', 'Vomiting (occasionally with blood), depression, anorexia, hypersalivation, dilated pupils (cats).', 'Saponins'),
  ('chinese-evergreen', 'Chinese Evergreen', 'Aglaonema modestum', ARRAY['Aglaonema', 'Philippine Evergreen']::text[], ARRAY['green', 'white']::text[], 'https://upload.wikimedia.org/wikipedia/commons/f/fc/Aglaonema_%28Chinese_Evergreens%29.jpg', ARRAY['https://upload.wikimedia.org/wikipedia/commons/f/fc/Aglaonema_%28Chinese_Evergreens%29.jpg', 'https://upload.wikimedia.org/wikipedia/commons/8/85/Chinese_Evergreen2013.JPG', 'https://upload.wikimedia.org/wikipedia/commons/7/73/Aglaonema_commutatum_0zz.jpg']::text[], 'mildly_toxic', 'Oral irritation, pain and swelling of mouth, tongue and lips, excessive drooling, vomiting (not horses), difficulty swallowing', 'Insoluble calcium oxalates'),
  ('english-ivy', 'English Ivy', 'Hedera helix', ARRAY['Branching Ivy', 'California Ivy', 'Glacier Ivy', 'Hahn''s Self Branching English Ivy', 'Needlepoint Ivy', 'Sweetheart Ivy']::text[], ARRAY['green']::text[], 'https://upload.wikimedia.org/wikipedia/commons/a/a8/Hedera_helix_Leaves_3008px.jpg', ARRAY['https://upload.wikimedia.org/wikipedia/commons/a/a8/Hedera_helix_Leaves_3008px.jpg', 'https://upload.wikimedia.org/wikipedia/commons/7/73/Hedera_helix_001.JPG', 'https://upload.wikimedia.org/wikipedia/commons/8/83/Blad_van_klimop_%28Hedera_helix%29_02.JPG']::text[], 'mildly_toxic', 'Vomiting, abdominal pain, hypersalivation, diarrhea. Foliage is more toxic than berries', 'Triterpenoid saponins (hederagenin)'),
  ('jade-plant', 'Jade Plant', 'Crassula argentea', ARRAY['Chinese Jade', 'Silver Dollar', 'Silver Jade Plant']::text[], ARRAY['green']::text[], 'https://upload.wikimedia.org/wikipedia/commons/c/c8/Among_the_branches_of_a_potted_jade_plant.jpg', ARRAY['https://upload.wikimedia.org/wikipedia/commons/c/c8/Among_the_branches_of_a_potted_jade_plant.jpg', 'https://upload.wikimedia.org/wikipedia/commons/6/6b/Crassula_ovata_2012.jpg', 'https://upload.wikimedia.org/wikipedia/commons/1/1f/Crassula_ovata_-_Jade_Plant_-_South_Africa_7.JPG']::text[], 'mildly_toxic', 'Vomiting, depression, incoordination', NULL),
  ('calathea', 'Calathea', 'Calathea spp.', ARRAY['Caeroba', 'Calathea Lancifolia 3', 'Maranta', 'Miniature Maranta', 'Prayer Plant', 'Red Veined Prayer']::text[], ARRAY['green', 'purple', 'pink']::text[], 'https://upload.wikimedia.org/wikipedia/commons/2/2f/Calathea_veitchiana_%27Medallion%27_Leaf.jpg', ARRAY['https://upload.wikimedia.org/wikipedia/commons/2/2f/Calathea_veitchiana_%27Medallion%27_Leaf.jpg', 'https://upload.wikimedia.org/wikipedia/commons/9/9e/Goeppertia_makoyana_kz02.jpg', 'https://upload.wikimedia.org/wikipedia/commons/d/dc/Calathea_roseopicta_%27Corona%27.jpg']::text[], 'non_toxic', NULL, NULL),
  ('parlor-palm', 'Parlor Palm', 'Chamaedorea elegans', ARRAY['Bamboo Palm', 'Chamaedorea', 'Collinia Elegans', 'Dwarf Palm', 'Good Luck Palm', 'Miniature Fish Tail']::text[], ARRAY['green']::text[], 'https://upload.wikimedia.org/wikipedia/commons/f/f5/Chamaedorea_elegans.jpg', ARRAY['https://upload.wikimedia.org/wikipedia/commons/f/f5/Chamaedorea_elegans.jpg', 'https://upload.wikimedia.org/wikipedia/commons/8/82/Chamaedorea_elegans-2-jayanti_nagar-bengaluru-India.jpg', 'https://upload.wikimedia.org/wikipedia/commons/6/6a/Chamaedorea_elegans_pm.jpg']::text[], 'non_toxic', NULL, NULL),
  ('areca-palm', 'Areca Palm', 'Dypsis lutescens', ARRAY['Golden Butterfly Palm', 'Yellow Palm']::text[], ARRAY['green', 'yellow']::text[], 'https://upload.wikimedia.org/wikipedia/commons/4/4b/Dypsis_lutescens1.jpg', ARRAY['https://upload.wikimedia.org/wikipedia/commons/4/4b/Dypsis_lutescens1.jpg', 'https://upload.wikimedia.org/wikipedia/commons/5/5b/Dypsis_lutescens.jpg', 'https://upload.wikimedia.org/wikipedia/commons/2/28/Areca_palm.jpg']::text[], 'non_toxic', NULL, NULL),
  ('majesty-palm', 'Majesty Palm', 'Ravenea rivularis', ARRAY['Majestic Palm', 'Ravenea Palm']::text[], ARRAY['green']::text[], 'https://upload.wikimedia.org/wikipedia/commons/a/a7/Ravenea_rivularis_01.jpg', ARRAY['https://upload.wikimedia.org/wikipedia/commons/a/a7/Ravenea_rivularis_01.jpg', 'https://upload.wikimedia.org/wikipedia/commons/6/6e/Starr_080117-1567_Ravenea_rivularis.jpg', 'https://upload.wikimedia.org/wikipedia/commons/4/4b/Dypsis_lutescens1.jpg']::text[], 'non_toxic', NULL, NULL),
  ('bamboo-palm', 'Bamboo Palm', 'Chamaedorea elegans', ARRAY['Chamaedorea', 'Collinia Elegans', 'Dwarf Palm', 'Good Luck Palm', 'Miniature Fish Tail', 'Neanthe Bella Palm']::text[], ARRAY['green']::text[], 'https://upload.wikimedia.org/wikipedia/commons/f/f5/Chamaedorea_elegans.jpg', ARRAY['https://upload.wikimedia.org/wikipedia/commons/f/f5/Chamaedorea_elegans.jpg', 'https://upload.wikimedia.org/wikipedia/commons/8/82/Chamaedorea_elegans-2-jayanti_nagar-bengaluru-India.jpg', 'https://upload.wikimedia.org/wikipedia/commons/3/36/Chamaedorea_seifrizii_1.jpg']::text[], 'non_toxic', NULL, NULL),
  ('boston-fern', 'Boston Fern', 'Nephrolepis exalta bostoniensis', ARRAY['Bold Sword Fern', 'Crisped Feather Fern', 'Dallas Fern', 'Dwarf Feather Palm', 'Feather Palm', 'Roosevelt Fern']::text[], ARRAY['green']::text[], 'https://upload.wikimedia.org/wikipedia/commons/3/3f/Nephrolepis_exaltata_%27Bostoniensis%27.jpg', ARRAY['https://upload.wikimedia.org/wikipedia/commons/3/3f/Nephrolepis_exaltata_%27Bostoniensis%27.jpg', 'https://upload.wikimedia.org/wikipedia/commons/1/1a/Nephrolepis_exaltata_in_Tropenhaus.jpg', 'https://upload.wikimedia.org/wikipedia/commons/e/e6/Nephrolepis_exaltata_1.jpg']::text[], 'non_toxic', NULL, NULL),
  ('christmas-cactus', 'Christmas Cactus', 'Schlumbergera bridgesii', ARRAY['Shrimp Cactus']::text[], ARRAY['pink', 'red', 'white']::text[], 'https://upload.wikimedia.org/wikipedia/commons/4/49/Schlumbergera_buckleyi.jpg', ARRAY['https://upload.wikimedia.org/wikipedia/commons/4/49/Schlumbergera_buckleyi.jpg', 'https://upload.wikimedia.org/wikipedia/commons/b/b3/Schlumbergera_truncata_1.jpg', 'https://upload.wikimedia.org/wikipedia/commons/2/2a/Schlumbergera_%28Christmas_Cactus%29.jpg']::text[], 'non_toxic', NULL, NULL),
  ('aloe', 'Aloe', 'Aloe vera', ARRAY['Barbados Aloe', 'Cushion Aloe', 'True Aloe']::text[], ARRAY['green']::text[], 'https://upload.wikimedia.org/wikipedia/commons/4/4b/Aloe_vera_flower_inbred.jpg', ARRAY['https://upload.wikimedia.org/wikipedia/commons/4/4b/Aloe_vera_flower_inbred.jpg', 'https://upload.wikimedia.org/wikipedia/commons/6/6b/Aloe_vera_MHNT.BOT.2004.0.263.jpg', 'https://upload.wikimedia.org/wikipedia/commons/a/a3/Aloe_vera_%28Aloe_barbadensis%29_plant.jpg']::text[], 'mildly_toxic', 'Vomiting (not horses), lethargy, diarrhea. The gel is considered edible.', 'Saponins, anthraquinones'),
  ('kalanchoe', 'Kalanchoe', 'Kalanchoe spp', ARRAY['Chandelier Plant', 'Devil''s Backbone', 'Mother of Millions', 'Mother-In-Law Plant']::text[], ARRAY['red', 'pink', 'orange', 'yellow']::text[], 'https://upload.wikimedia.org/wikipedia/commons/9/9e/Kalanchoe_blossfeldiana.jpg', ARRAY['https://upload.wikimedia.org/wikipedia/commons/9/9e/Kalanchoe_blossfeldiana.jpg', 'https://upload.wikimedia.org/wikipedia/commons/4/40/Kalanchoe_blossfeldiana_02.jpg', 'https://upload.wikimedia.org/wikipedia/commons/d/d1/Kalanchoe_flowers.jpg']::text[], 'mildly_toxic', 'Vomiting, diarrhea, abnormal heart rhythm (rare).', 'Bufodienolides'),
  ('schefflera', 'Schefflera', 'Schefflera', ARRAY['Octopus Tree']::text[], ARRAY['green']::text[], 'https://upload.wikimedia.org/wikipedia/commons/c/cb/Schefflera_arboricola%2C_Jardin_des_Plantes_de_Nantes.jpg', ARRAY['https://upload.wikimedia.org/wikipedia/commons/c/cb/Schefflera_arboricola%2C_Jardin_des_Plantes_de_Nantes.jpg', 'https://upload.wikimedia.org/wikipedia/commons/2/2d/Starr_080117-1803_Schefflera_actinophylla.jpg', 'https://upload.wikimedia.org/wikipedia/commons/5/55/Schefflera_actinophylla_1.jpg']::text[], 'mildly_toxic', 'Oral irritation, intense burning and irritation of the mouth, lips, tongue, excessive drooling, vomiting, difficulty in swallowing.', 'Calcium oxalate crystals'),
  ('yucca', 'Yucca', 'Yucca spp.', ARRAY['Spineless Yucca', 'Yucca Cane']::text[], ARRAY['green', 'white']::text[], 'https://upload.wikimedia.org/wikipedia/commons/5/52/Yucca_gloriosa.jpg', ARRAY['https://upload.wikimedia.org/wikipedia/commons/5/52/Yucca_gloriosa.jpg', 'https://upload.wikimedia.org/wikipedia/commons/f/f8/Yucca_elephantipes_HasHab_2017_a.jpg', 'https://upload.wikimedia.org/wikipedia/commons/2/2a/Yucca_filamentosa_%27Color_Guard%27.jpg']::text[], 'mildly_toxic', 'Dogs, cats: Vomiting; Horses: liver disease, dermatitis', 'Saponins'),
  ('dieffenbachia', 'Dieffenbachia', 'Dieffenbachia', ARRAY['Dumbcane']::text[], ARRAY['green', 'white']::text[], 'https://upload.wikimedia.org/wikipedia/commons/a/a7/Dieffenbachia_seguine.jpg', ARRAY['https://upload.wikimedia.org/wikipedia/commons/a/a7/Dieffenbachia_seguine.jpg', 'https://upload.wikimedia.org/wikipedia/commons/3/39/Dieffenbachia_maculata_%27Camille%27.jpg', 'https://upload.wikimedia.org/wikipedia/commons/f/f7/Dieffenbachia_bowmannii.jpg']::text[], 'mildly_toxic', 'Oral irritation, intense burning and irritation of mouth , tongue and lips, excessive drooling, vomiting, difficulty swallowing', 'Insoluble calcium oxalates, proteolytic enzyme'),
  ('madagascar-dragon-tree', 'Madagascar Dragon Tree', 'Dracaena marginata', ARRAY['Red-Marginated Dracaena', 'Straight-Margined Dracaena']::text[], ARRAY['green', 'red']::text[], 'https://upload.wikimedia.org/wikipedia/commons/1/14/Dracaena_marginata.jpg', ARRAY['https://upload.wikimedia.org/wikipedia/commons/1/14/Dracaena_marginata.jpg', 'https://upload.wikimedia.org/wikipedia/commons/6/61/Dracaena_reflexa.JPG', 'https://upload.wikimedia.org/wikipedia/commons/f/f7/Dracaena_draco.jpg']::text[], 'mildly_toxic', 'Vomiting (occasionally with blood), depression, anorexia, hypersalivation, dilated pupils (cats).', 'Saponins'),
  ('satin-pothos', 'Satin Pothos', 'Scindapsus pictus', ARRAY['Marble Queen', 'Variegated Philodendron']::text[], ARRAY['green', 'white']::text[], 'https://upload.wikimedia.org/wikipedia/commons/0/0d/Scindapsus_pictus_%27Argyraeus%27.jpg', ARRAY['https://upload.wikimedia.org/wikipedia/commons/0/0d/Scindapsus_pictus_%27Argyraeus%27.jpg', 'https://upload.wikimedia.org/wikipedia/commons/e/e2/Scindapsus_pictus_03.jpg', 'https://upload.wikimedia.org/wikipedia/commons/6/63/Scindapsus_pictus_argyraeus.jpg']::text[], 'mildly_toxic', 'Oral irritation, pain and swelling of mouth, tongue and lips, excessive drooling, vomiting (not horses), difficulty swallowing', 'Insoluble calcium oxalates'),
  ('baby-rubber-plant', 'Baby Rubber Plant', 'Peperomia obtusifolia', ARRAY['American Rubber Plant', 'Blunt Leaf Peperomia', 'Pepper Face', 'Rhynchophorum']::text[], ARRAY['green']::text[], 'https://upload.wikimedia.org/wikipedia/commons/a/ab/Peperomia_obtusifolia%2C_Conservatorio_bot%C3%A1nico%2C_Fort_Wayne%2C_Indiana%2C_Estados_Unidos%2C_2012-11-12%2C_DD_01.jpg', ARRAY['https://upload.wikimedia.org/wikipedia/commons/a/ab/Peperomia_obtusifolia%2C_Conservatorio_bot%C3%A1nico%2C_Fort_Wayne%2C_Indiana%2C_Estados_Unidos%2C_2012-11-12%2C_DD_01.jpg', 'https://upload.wikimedia.org/wikipedia/commons/9/97/Peperomia_Obtusifolia_Jade.jpg', 'https://upload.wikimedia.org/wikipedia/commons/c/c4/Peperomia_Obtusifolia.jpg']::text[], 'non_toxic', NULL, NULL),
  ('emerald-ripple-peperomia', 'Emerald Ripple Peperomia', 'Peperomia caperata', ARRAY['Green Ripple Peperomia', 'Little Fantasy Peperomia', 'Metallic Peperomia', 'Silver Heart']::text[], ARRAY['green']::text[], 'https://upload.wikimedia.org/wikipedia/commons/4/43/Peperomia_caperata_0zz.jpg', ARRAY['https://upload.wikimedia.org/wikipedia/commons/4/43/Peperomia_caperata_0zz.jpg', 'https://upload.wikimedia.org/wikipedia/commons/5/5f/Peperomia_caperata_%27Rosso%27.jpg', 'https://upload.wikimedia.org/wikipedia/commons/a/a0/Peperomia_caperata_Luna_Red.jpg']::text[], 'non_toxic', NULL, NULL),
  ('prayer-plant', 'Prayer Plant', 'Calathea insignis', ARRAY['Caeroba', 'Calathea Lancifolia 3', 'Maranta', 'Red Veined Prayer']::text[], ARRAY['green', 'purple', 'pink']::text[], 'https://upload.wikimedia.org/wikipedia/commons/8/8e/Maranta_leuconeura1.jpg', ARRAY['https://upload.wikimedia.org/wikipedia/commons/8/8e/Maranta_leuconeura1.jpg', 'https://upload.wikimedia.org/wikipedia/commons/2/2f/Calathea_veitchiana_%27Medallion%27_Leaf.jpg', 'https://upload.wikimedia.org/wikipedia/commons/9/9e/Goeppertia_makoyana_kz02.jpg']::text[], 'non_toxic', NULL, NULL),
  ('flamingo-flower', 'Flamingo Flower', 'Anthurium scherzeranum', ARRAY['Oilcloth Flower', 'Painter''s Pallette', 'Pigtail Plant', 'Tail Flower']::text[], ARRAY['red', 'pink', 'white']::text[], 'https://upload.wikimedia.org/wikipedia/commons/0/08/Anthurium.jpg', ARRAY['https://upload.wikimedia.org/wikipedia/commons/0/08/Anthurium.jpg', 'https://upload.wikimedia.org/wikipedia/commons/1/1e/Anthurium_andraeanum_1.jpg', 'https://upload.wikimedia.org/wikipedia/commons/6/67/A_and_B_Larsen_orchridge_-_Anthurium_702.jpg']::text[], 'mildly_toxic', 'Oral irritation, pain and swelling of mouth, tongue and lips, excessive drooling, vomiting (not horses), difficulty swallowing', 'Insoluble calcium oxalates'),
  ('phalaenopsis-orchid', 'Phalaenopsis Orchid', 'Phalaenopsis sp.', ARRAY['Moth Orchid']::text[], ARRAY['white', 'pink', 'purple', 'yellow']::text[], 'https://upload.wikimedia.org/wikipedia/commons/6/6a/Phalaenopsis_orchid.jpg', ARRAY['https://upload.wikimedia.org/wikipedia/commons/6/6a/Phalaenopsis_orchid.jpg', 'https://upload.wikimedia.org/wikipedia/commons/d/d0/Phalaenopsis_LORES.jpg', 'https://upload.wikimedia.org/wikipedia/commons/0/0e/Phalaenopsis_stuartiana.jpg']::text[], 'non_toxic', NULL, NULL),
  ('dancing-doll-orchid', 'Dancing Doll Orchid', 'Oncidium flexuosum', ARRAY['Golden Shower Orchid']::text[], ARRAY['yellow']::text[], 'https://upload.wikimedia.org/wikipedia/commons/3/30/Oncidium_varicosum_var._rogersii.jpg', ARRAY['https://upload.wikimedia.org/wikipedia/commons/3/30/Oncidium_varicosum_var._rogersii.jpg', 'https://upload.wikimedia.org/wikipedia/commons/d/d6/Oncidium_Sweet_Sugar.jpg', 'https://upload.wikimedia.org/wikipedia/commons/a/a3/Oncidium_sphacelatum_1.jpg']::text[], 'non_toxic', NULL, NULL),
  ('african-violet', 'African Violet', 'Saintpaulia spp.', ARRAY['Kenya Violet']::text[], ARRAY['purple', 'pink']::text[], 'https://upload.wikimedia.org/wikipedia/commons/a/a0/Saintpaulia_ionantha.jpg', ARRAY['https://upload.wikimedia.org/wikipedia/commons/a/a0/Saintpaulia_ionantha.jpg', 'https://upload.wikimedia.org/wikipedia/commons/3/3f/African_violet_-_Saintpaulia.jpg', 'https://upload.wikimedia.org/wikipedia/commons/e/e8/Saintpaulia_cultivars.jpg']::text[], 'non_toxic', NULL, NULL),
  ('blushing-bromeliad', 'Blushing Bromeliad', 'Neoregalia spp.', ARRAY['Aregelia', 'Crimson Cup', 'Neoregelia', 'Ossifragi Vase', 'Striped Blushing']::text[], ARRAY['red', 'pink']::text[], 'https://upload.wikimedia.org/wikipedia/commons/1/15/Neoregelia_carolinae_1.jpg', ARRAY['https://upload.wikimedia.org/wikipedia/commons/1/15/Neoregelia_carolinae_1.jpg', 'https://upload.wikimedia.org/wikipedia/commons/9/96/Neoregelia_sp._-_Botanischer_Garten_M%C3%BCnchen-Nymphenburg.jpg', 'https://upload.wikimedia.org/wikipedia/commons/1/1a/Neoregelia_concentrica_HabitusInflor662.jpg']::text[], 'non_toxic', NULL, NULL),
  ('hibiscus', 'Hibiscus', 'Hibiscus syriacus', ARRAY['Rose of China', 'Rose of Sharon']::text[], ARRAY['red', 'pink', 'yellow', 'orange']::text[], 'https://upload.wikimedia.org/wikipedia/commons/8/82/Hibiscus_rosa-sinensis_flower_2.JPG', ARRAY['https://upload.wikimedia.org/wikipedia/commons/8/82/Hibiscus_rosa-sinensis_flower_2.JPG', 'https://upload.wikimedia.org/wikipedia/commons/c/cb/Hibiscus_flower_TZ.jpg', 'https://upload.wikimedia.org/wikipedia/commons/2/25/Hibiscus_rosa-sinensis_4.jpg']::text[], 'non_toxic', NULL, NULL),
  ('gerber-daisy', 'Gerber Daisy', 'Gerbera jamesonii', ARRAY['African Daisy', 'Barberton Daisy']::text[], ARRAY['red', 'pink', 'orange', 'yellow', 'white']::text[], 'https://upload.wikimedia.org/wikipedia/commons/1/14/Gerbera_cultivation.JPG', ARRAY['https://upload.wikimedia.org/wikipedia/commons/1/14/Gerbera_cultivation.JPG', 'https://upload.wikimedia.org/wikipedia/commons/5/52/Gerbera_jamesonii_1.jpg', 'https://upload.wikimedia.org/wikipedia/commons/a/a9/Gerbera_jamesonii_cultivar.jpg']::text[], 'non_toxic', NULL, NULL),
  ('begonia', 'Begonia', 'Begonia spp.', ARRAY['Elephant-Ear Begonia', 'Iron Cross Begonia', 'Mapleleaf Begonia', 'Metallic Leaf Begonia', 'Peace Begonia', 'Pink Pearl']::text[], ARRAY['pink', 'red', 'white', 'orange']::text[], 'https://upload.wikimedia.org/wikipedia/commons/2/25/Begonia_coccinea.jpg', ARRAY['https://upload.wikimedia.org/wikipedia/commons/2/25/Begonia_coccinea.jpg', 'https://upload.wikimedia.org/wikipedia/commons/d/df/Begonia_x_semperflorens.jpg', 'https://upload.wikimedia.org/wikipedia/commons/0/0c/Begonia_rex_1.jpg']::text[], 'mildly_toxic', 'Kidney failure (in grazing animals), vomiting, salivation in dogs/cats. Most toxic part is underground.', 'Soluble calcium oxalates'),
  ('chrysanthemum', 'Chrysanthemum', 'Chrysanthemum spp.', ARRAY['Mum']::text[], ARRAY['white', 'yellow', 'pink', 'red', 'orange']::text[], 'https://upload.wikimedia.org/wikipedia/commons/6/61/Chrysanthemum_morifolium.jpg', ARRAY['https://upload.wikimedia.org/wikipedia/commons/6/61/Chrysanthemum_morifolium.jpg', 'https://upload.wikimedia.org/wikipedia/commons/a/af/Chrysanthemum1.jpg', 'https://upload.wikimedia.org/wikipedia/commons/7/7a/Chrysanthemum_November_2007.jpg']::text[], 'mildly_toxic', 'Vomiting, diarrhea, hypersalivation, incoordination, dermatitis', 'Sesquiterpene, lactones, pyrethrins and other potential irritants'),
  ('cyclamen', 'Cyclamen', 'Cyclamen spp', ARRAY['Sowbread']::text[], ARRAY['pink', 'red', 'white', 'purple']::text[], 'https://upload.wikimedia.org/wikipedia/commons/2/2c/Cyclamen_persicum_Mill._01.jpg', ARRAY['https://upload.wikimedia.org/wikipedia/commons/2/2c/Cyclamen_persicum_Mill._01.jpg', 'https://upload.wikimedia.org/wikipedia/commons/a/a3/Cyclamen_hederifolium_%28flower%29.jpg', 'https://upload.wikimedia.org/wikipedia/commons/c/c2/Cyclamen_coum02.jpg']::text[], 'highly_toxic', 'Salivation, vomiting, diarrhea. Following large ingestions of tubers: heart rhythm abnormalities, seizures, death', 'Terpenoid saponins'),
  ('amaryllis', 'Amaryllis', 'Amaryllis spp.', ARRAY['Naked Lady']::text[], ARRAY['red', 'white', 'pink']::text[], 'https://upload.wikimedia.org/wikipedia/commons/4/4a/Hippeastrum_reginae.jpg', ARRAY['https://upload.wikimedia.org/wikipedia/commons/4/4a/Hippeastrum_reginae.jpg', 'https://upload.wikimedia.org/wikipedia/commons/e/eb/Hippeastrum_Red_Lion.jpg', 'https://upload.wikimedia.org/wikipedia/commons/c/c1/Hippeastrum_striatum_1.jpg']::text[], 'mildly_toxic', 'Vomiting (not horses), depression, diarrhea, abdominal pain, hypersalivation, anorexia, tremors.', 'Lycorine and others'),
  ('tulip', 'Tulip', 'Tulipa spp.', ARRAY['Garden Tulip']::text[], ARRAY['red', 'yellow', 'pink', 'purple', 'white', 'orange']::text[], 'https://upload.wikimedia.org/wikipedia/commons/c/cf/Tulip_Tulipa_clusiana_%27Lady_Jane%27_Rock_Ledge_Flower_Edit_2000px.jpg', ARRAY['https://upload.wikimedia.org/wikipedia/commons/c/cf/Tulip_Tulipa_clusiana_%27Lady_Jane%27_Rock_Ledge_Flower_Edit_2000px.jpg', 'https://upload.wikimedia.org/wikipedia/commons/b/b2/Triumph_Tulip_Tulipa_%27Prinses_Irene%27_Single_2859px.jpg', 'https://upload.wikimedia.org/wikipedia/commons/e/ea/Tulipa_suaveolens_floriade_to_Canberra.jpg']::text[], 'mildly_toxic', 'Vomiting, depression, diarrhea, hypersalivation. Highest concentration of toxin in bulb.', 'Tulipalin A and B'),
  ('hyacinth', 'Hyacinth', 'Hyacinthus orientalis', ARRAY['Garden Hyacinth']::text[], ARRAY['purple', 'pink', 'white', 'blue']::text[], 'https://upload.wikimedia.org/wikipedia/commons/a/ae/Garden_Hyacinth_Hyacinthus_orientalis_%27Blue_Jacket%27_Flower_2000px.jpg', ARRAY['https://upload.wikimedia.org/wikipedia/commons/a/ae/Garden_Hyacinth_Hyacinthus_orientalis_%27Blue_Jacket%27_Flower_2000px.jpg', 'https://upload.wikimedia.org/wikipedia/commons/7/7b/Garden_Hyacinth_Hyacinthus_orientalis_%27Purple_Voice%27_Flower_1644px.JPG', 'https://upload.wikimedia.org/wikipedia/commons/3/3c/Hyacinthus_orientalis_Bl%C3%BCte_01.JPG']::text[], 'mildly_toxic', 'Intense vomiting, diarrhea, occassionally with blood, depression and tremors.', 'Possibly narcissus-like alkaloids'),
  ('daffodil', 'Daffodil', 'Narcissus spp', ARRAY['Narcissus', 'Paper White']::text[], ARRAY['yellow', 'white']::text[], 'https://upload.wikimedia.org/wikipedia/commons/2/24/Narcissus_poeticus.jpg', ARRAY['https://upload.wikimedia.org/wikipedia/commons/2/24/Narcissus_poeticus.jpg', 'https://upload.wikimedia.org/wikipedia/commons/c/c5/Narcissus-tazetta-2014-Zachi-Evenor.jpg', 'https://upload.wikimedia.org/wikipedia/commons/2/21/Daffodil_%28Narcissus%29_flower_-_geograph.org.uk_-_4395626.jpg']::text[], 'highly_toxic', 'Vomiting, salvation, diarrhea; large ingestions cause convulsions, low blood pressure, tremors and cardiac arrhythmias. Bulbs are the most poisonous part.', 'Lycorine and other alkaloids'),
  ('lily', 'Lily', 'Lilium species', ARRAY['Asian Lily', 'Easter Lily', 'Japanese Show Lily', 'Red Lily', 'Rubrum Lily', 'Stargazer Lily']::text[], ARRAY['white', 'pink', 'orange', 'yellow']::text[], 'https://upload.wikimedia.org/wikipedia/commons/3/30/Lilium_candidum_1.jpg', ARRAY['https://upload.wikimedia.org/wikipedia/commons/3/30/Lilium_candidum_1.jpg', 'https://upload.wikimedia.org/wikipedia/commons/d/dd/Lilium_longiflorum_%28Easter_Lily%29.JPG', 'https://upload.wikimedia.org/wikipedia/commons/d/d9/Lilium_%27Stargazer%27.jpg']::text[], 'highly_toxic', 'Cats: kidney failure.', NULL),
  ('cast-iron-plant', 'Cast Iron Plant', 'Aspidistra elatior', ARRAY['Bar Room Plant', 'Aspidistra']::text[], ARRAY['green']::text[], 'https://upload.wikimedia.org/wikipedia/commons/8/83/Aspidistra-elatior-variegata.jpg', ARRAY['https://upload.wikimedia.org/wikipedia/commons/8/83/Aspidistra-elatior-variegata.jpg', 'https://upload.wikimedia.org/wikipedia/commons/f/f6/Aspidistra_elatior_Blume_cv.jpg', 'https://upload.wikimedia.org/wikipedia/commons/7/70/Aspidistra_elatior_-_%D0%91%D0%BE%D1%82%D0%B0%D0%BD%D0%B8%D1%87%D0%BA%D0%B0_%D0%B3%D1%80%D0%B0%D0%B4%D0%B8%D0%BD%D0%B0_%D0%A1%D0%BA%D0%BE%D0%BF%D1%98%D0%B5_%281%29.jpg']::text[], 'non_toxic', NULL, NULL),
  ('aluminum-plant', 'Aluminum Plant', 'Pilea cadieri', ARRAY['Watermelon Pilea']::text[], ARRAY['green', 'white']::text[], 'https://upload.wikimedia.org/wikipedia/commons/0/08/Pilea_cadierei.jpg', ARRAY['https://upload.wikimedia.org/wikipedia/commons/0/08/Pilea_cadierei.jpg', 'https://upload.wikimedia.org/wikipedia/commons/3/3f/Pilea_cadierei1.jpg', 'https://upload.wikimedia.org/wikipedia/commons/b/b4/Pilea_cadierei_2zz.jpg']::text[], 'non_toxic', NULL, NULL),
  ('friendship-plant', 'Friendship Plant', 'Pilea involucrata', ARRAY['Panamiga']::text[], ARRAY['green', 'pink']::text[], 'https://upload.wikimedia.org/wikipedia/commons/b/ba/Pilea_involucrata.jpg', ARRAY['https://upload.wikimedia.org/wikipedia/commons/b/ba/Pilea_involucrata.jpg', 'https://upload.wikimedia.org/wikipedia/commons/2/2b/Pilea_involucrata_%28Sims%29_Urban_Moon_Valley.jpg', 'https://upload.wikimedia.org/wikipedia/commons/a/a7/Pilea_involucrata_9zz.jpg']::text[], 'non_toxic', NULL, NULL),
  ('polka-dot-plant', 'Polka Dot Plant', 'Hypoestes phyllostachya', ARRAY['Baby’s Tears', 'Freckle Face', 'Pink Splash']::text[], ARRAY['pink', 'white', 'red']::text[], 'https://upload.wikimedia.org/wikipedia/commons/4/4c/Hypoestes_phyllostachya_0205.jpg', ARRAY['https://upload.wikimedia.org/wikipedia/commons/4/4c/Hypoestes_phyllostachya_0205.jpg', 'https://upload.wikimedia.org/wikipedia/commons/c/ca/Hypoestes_phyllostachya_0200.jpg', 'https://upload.wikimedia.org/wikipedia/commons/3/30/Hypoestes_phyllostachya_0220.jpg']::text[], 'non_toxic', NULL, NULL),
  ('nerve-plant', 'Nerve Plant', 'Fittonia verschaffeltii', ARRAY['Fittonia', 'Mosaic Plant']::text[], ARRAY['pink', 'white']::text[], 'https://upload.wikimedia.org/wikipedia/commons/9/9d/Nerve_plant_%28Fittonia_albivenis%29.jpg', ARRAY['https://upload.wikimedia.org/wikipedia/commons/9/9d/Nerve_plant_%28Fittonia_albivenis%29.jpg', 'https://upload.wikimedia.org/wikipedia/commons/0/0f/Red_Nerve_Plant_%28Fittonia_albivenis%29.jpg', 'https://upload.wikimedia.org/wikipedia/commons/8/86/White_Nerve_Plant_%28Fittonia_albivenis%29.jpg']::text[], 'non_toxic', NULL, NULL),
  ('asparagus-fern', 'Asparagus Fern', 'Asparagus densiflorus cv sprengeri', ARRAY['Lace Fern', 'Plumosa Fern', 'Racemose asparagus', 'Shatavari', 'Sprengeri Fern']::text[], ARRAY['green']::text[], 'https://upload.wikimedia.org/wikipedia/commons/4/4c/Asparagus_densiflorus_sprengeri_1zz.jpg', ARRAY['https://upload.wikimedia.org/wikipedia/commons/4/4c/Asparagus_densiflorus_sprengeri_1zz.jpg', 'https://upload.wikimedia.org/wikipedia/commons/9/96/Asparagus_densiflorus_Sprengeri_3zz.jpg', 'https://upload.wikimedia.org/wikipedia/commons/3/3e/Asparagus_Fern_--_asparagus_densiflorus_%27sprengeri%27.jpg']::text[], 'mildly_toxic', 'Allergic dermatitis with repeated dermal exposure. Berry ingestion could result in gastric upset (vomiting, abdominal pain, or diarrhea).', NULL);

INSERT INTO citations (
  plant_id,
  source_name,
  source_url
)
VALUES
  ('golden-pothos', 'ASPCA Animal Poison Control - Golden Pothos', 'https://www.aspca.org/pet-care/animal-poison-control/toxic-and-non-toxic-plants/golden-pothos'),
  ('snake-plant', 'ASPCA Animal Poison Control - Snake Plant', 'https://www.aspca.org/pet-care/animal-poison-control/toxic-and-non-toxic-plants/snake-plant'),
  ('swiss-cheese-plant', 'ASPCA Animal Poison Control - Swiss Cheese Plant', 'https://www.aspca.org/pet-care/animal-poison-control/toxic-and-non-toxic-plants/swiss-cheese-plant'),
  ('heartleaf-philodendron', 'ASPCA Animal Poison Control - Heartleaf Philodendron', 'https://www.aspca.org/pet-care/animal-poison-control/toxic-and-non-toxic-plants/heartleaf-philodendron'),
  ('peace-lily', 'ASPCA Animal Poison Control - Peace Lily', 'https://www.aspca.org/pet-care/animal-poison-control/toxic-and-non-toxic-plants/peace-lily'),
  ('spider-plant', 'ASPCA Animal Poison Control - Spider Plant', 'https://www.aspca.org/pet-care/animal-poison-control/toxic-and-non-toxic-plants/spider-plant'),
  ('dracaena', 'ASPCA Animal Poison Control - Dracaena', 'https://www.aspca.org/pet-care/animal-poison-control/toxic-and-non-toxic-plants/dracaena'),
  ('money-tree', 'ASPCA Animal Poison Control - Money Tree', 'https://www.aspca.org/pet-care/animal-poison-control/toxic-and-non-toxic-plants/money-tree'),
  ('corn-plant', 'ASPCA Animal Poison Control - Corn Plant', 'https://www.aspca.org/pet-care/animal-poison-control/toxic-and-non-toxic-plants/corn-plant'),
  ('chinese-evergreen', 'ASPCA Animal Poison Control - Chinese Evergreen', 'https://www.aspca.org/pet-care/animal-poison-control/toxic-and-non-toxic-plants/chinese-evergreen'),
  ('english-ivy', 'ASPCA Animal Poison Control - English Ivy', 'https://www.aspca.org/pet-care/animal-poison-control/toxic-and-non-toxic-plants/english-ivy'),
  ('jade-plant', 'ASPCA Animal Poison Control - Jade Plant', 'https://www.aspca.org/pet-care/animal-poison-control/toxic-and-non-toxic-plants/jade-plant'),
  ('calathea', 'ASPCA Animal Poison Control - Calathea', 'https://www.aspca.org/pet-care/animal-poison-control/toxic-and-non-toxic-plants/calathea'),
  ('parlor-palm', 'ASPCA Animal Poison Control - Parlor Palm', 'https://www.aspca.org/pet-care/animal-poison-control/toxic-and-non-toxic-plants/parlor-palm'),
  ('areca-palm', 'ASPCA Animal Poison Control - Areca Palm', 'https://www.aspca.org/pet-care/animal-poison-control/toxic-and-non-toxic-plants/areca-palm'),
  ('majesty-palm', 'ASPCA Animal Poison Control - Majesty Palm', 'https://www.aspca.org/pet-care/animal-poison-control/toxic-and-non-toxic-plants/majesty-palm'),
  ('bamboo-palm', 'ASPCA Animal Poison Control - Bamboo Palm', 'https://www.aspca.org/pet-care/animal-poison-control/toxic-and-non-toxic-plants/bamboo-palm'),
  ('boston-fern', 'ASPCA Animal Poison Control - Boston Fern', 'https://www.aspca.org/pet-care/animal-poison-control/toxic-and-non-toxic-plants/boston-fern'),
  ('christmas-cactus', 'ASPCA Animal Poison Control - Christmas Cactus', 'https://www.aspca.org/pet-care/animal-poison-control/toxic-and-non-toxic-plants/christmas-cactus'),
  ('aloe', 'ASPCA Animal Poison Control - Aloe', 'https://www.aspca.org/pet-care/animal-poison-control/toxic-and-non-toxic-plants/aloe'),
  ('kalanchoe', 'ASPCA Animal Poison Control - Kalanchoe', 'https://www.aspca.org/pet-care/animal-poison-control/toxic-and-non-toxic-plants/kalanchoe'),
  ('schefflera', 'ASPCA Animal Poison Control - Schefflera', 'https://www.aspca.org/pet-care/animal-poison-control/toxic-and-non-toxic-plants/schefflera'),
  ('yucca', 'ASPCA Animal Poison Control - Yucca', 'https://www.aspca.org/pet-care/animal-poison-control/toxic-and-non-toxic-plants/yucca'),
  ('dieffenbachia', 'ASPCA Animal Poison Control - Dieffenbachia', 'https://www.aspca.org/pet-care/animal-poison-control/toxic-and-non-toxic-plants/dieffenbachia'),
  ('madagascar-dragon-tree', 'ASPCA Animal Poison Control - Madagascar Dragon Tree', 'https://www.aspca.org/pet-care/animal-poison-control/toxic-and-non-toxic-plants/madagascar-dragon-tree'),
  ('satin-pothos', 'ASPCA Animal Poison Control - Satin Pothos', 'https://www.aspca.org/pet-care/animal-poison-control/toxic-and-non-toxic-plants/satin-pothos'),
  ('baby-rubber-plant', 'ASPCA Animal Poison Control - Baby Rubber Plant', 'https://www.aspca.org/pet-care/animal-poison-control/toxic-and-non-toxic-plants/baby-rubber-plant'),
  ('emerald-ripple-peperomia', 'ASPCA Animal Poison Control - Emerald Ripple Peperomia', 'https://www.aspca.org/pet-care/animal-poison-control/toxic-and-non-toxic-plants/emerald-ripple-peperomia'),
  ('prayer-plant', 'ASPCA Animal Poison Control - Prayer Plant', 'https://www.aspca.org/pet-care/animal-poison-control/toxic-and-non-toxic-plants/prayer-plant'),
  ('flamingo-flower', 'ASPCA Animal Poison Control - Flamingo Flower', 'https://www.aspca.org/pet-care/animal-poison-control/toxic-and-non-toxic-plants/flamingo-flower'),
  ('phalaenopsis-orchid', 'ASPCA Animal Poison Control - Phalaenopsis Orchid', 'https://www.aspca.org/pet-care/animal-poison-control/toxic-and-non-toxic-plants/phalaenopsis-orchid'),
  ('dancing-doll-orchid', 'ASPCA Animal Poison Control - Dancing Doll Orchid', 'https://www.aspca.org/pet-care/animal-poison-control/toxic-and-non-toxic-plants/dancing-doll-orchid'),
  ('african-violet', 'ASPCA Animal Poison Control - African Violet', 'https://www.aspca.org/pet-care/animal-poison-control/toxic-and-non-toxic-plants/african-violet'),
  ('blushing-bromeliad', 'ASPCA Animal Poison Control - Blushing Bromeliad', 'https://www.aspca.org/pet-care/animal-poison-control/toxic-and-non-toxic-plants/blushing-bromeliad'),
  ('hibiscus', 'ASPCA Animal Poison Control - Hibiscus', 'https://www.aspca.org/pet-care/animal-poison-control/toxic-and-non-toxic-plants/hibiscus'),
  ('gerber-daisy', 'ASPCA Animal Poison Control - Gerber Daisy', 'https://www.aspca.org/pet-care/animal-poison-control/toxic-and-non-toxic-plants/gerber-daisy'),
  ('begonia', 'ASPCA Animal Poison Control - Begonia', 'https://www.aspca.org/pet-care/animal-poison-control/toxic-and-non-toxic-plants/begonia'),
  ('chrysanthemum', 'ASPCA Animal Poison Control - Chrysanthemum', 'https://www.aspca.org/pet-care/animal-poison-control/toxic-and-non-toxic-plants/chrysanthemum'),
  ('cyclamen', 'ASPCA Animal Poison Control - Cyclamen', 'https://www.aspca.org/pet-care/animal-poison-control/toxic-and-non-toxic-plants/cyclamen'),
  ('amaryllis', 'ASPCA Animal Poison Control - Amaryllis', 'https://www.aspca.org/pet-care/animal-poison-control/toxic-and-non-toxic-plants/amaryllis'),
  ('tulip', 'ASPCA Animal Poison Control - Tulip', 'https://www.aspca.org/pet-care/animal-poison-control/toxic-and-non-toxic-plants/tulip'),
  ('hyacinth', 'ASPCA Animal Poison Control - Hyacinth', 'https://www.aspca.org/pet-care/animal-poison-control/toxic-and-non-toxic-plants/hyacinth'),
  ('daffodil', 'ASPCA Animal Poison Control - Daffodil', 'https://www.aspca.org/pet-care/animal-poison-control/toxic-and-non-toxic-plants/daffodil'),
  ('lily', 'ASPCA Animal Poison Control - Lily', 'https://www.aspca.org/pet-care/animal-poison-control/toxic-and-non-toxic-plants/lily'),
  ('cast-iron-plant', 'ASPCA Animal Poison Control - Cast Iron Plant', 'https://www.aspca.org/pet-care/animal-poison-control/toxic-and-non-toxic-plants/cast-iron-plant'),
  ('aluminum-plant', 'ASPCA Animal Poison Control - Aluminum Plant', 'https://www.aspca.org/pet-care/animal-poison-control/toxic-and-non-toxic-plants/aluminum-plant'),
  ('friendship-plant', 'ASPCA Animal Poison Control - Friendship Plant', 'https://www.aspca.org/pet-care/animal-poison-control/toxic-and-non-toxic-plants/friendship-plant'),
  ('polka-dot-plant', 'ASPCA Animal Poison Control - Polka Dot Plant', 'https://www.aspca.org/pet-care/animal-poison-control/toxic-and-non-toxic-plants/polka-dot-plant'),
  ('nerve-plant', 'ASPCA Animal Poison Control - Nerve Plant', 'https://www.aspca.org/pet-care/animal-poison-control/toxic-and-non-toxic-plants/nerve-plant'),
  ('asparagus-fern', 'ASPCA Animal Poison Control - Asparagus Fern', 'https://www.aspca.org/pet-care/animal-poison-control/toxic-and-non-toxic-plants/asparagus-fern');

INSERT INTO alternatives (
  toxic_plant_id,
  safe_plant_id
)
VALUES
  ('golden-pothos', 'spider-plant'),
  ('golden-pothos', 'parlor-palm'),
  ('golden-pothos', 'calathea'),
  ('golden-pothos', 'phalaenopsis-orchid'),
  ('golden-pothos', 'money-tree'),
  ('snake-plant', 'spider-plant'),
  ('snake-plant', 'parlor-palm'),
  ('snake-plant', 'calathea'),
  ('snake-plant', 'phalaenopsis-orchid'),
  ('snake-plant', 'money-tree'),
  ('swiss-cheese-plant', 'spider-plant'),
  ('swiss-cheese-plant', 'parlor-palm'),
  ('swiss-cheese-plant', 'calathea'),
  ('swiss-cheese-plant', 'phalaenopsis-orchid'),
  ('swiss-cheese-plant', 'money-tree'),
  ('heartleaf-philodendron', 'spider-plant'),
  ('heartleaf-philodendron', 'parlor-palm'),
  ('heartleaf-philodendron', 'calathea'),
  ('heartleaf-philodendron', 'phalaenopsis-orchid'),
  ('heartleaf-philodendron', 'money-tree'),
  ('peace-lily', 'spider-plant'),
  ('peace-lily', 'parlor-palm'),
  ('peace-lily', 'calathea'),
  ('peace-lily', 'phalaenopsis-orchid'),
  ('peace-lily', 'money-tree'),
  ('dracaena', 'spider-plant'),
  ('dracaena', 'parlor-palm'),
  ('dracaena', 'calathea'),
  ('dracaena', 'phalaenopsis-orchid'),
  ('dracaena', 'money-tree'),
  ('corn-plant', 'spider-plant'),
  ('corn-plant', 'parlor-palm'),
  ('corn-plant', 'calathea'),
  ('corn-plant', 'phalaenopsis-orchid'),
  ('corn-plant', 'money-tree'),
  ('chinese-evergreen', 'spider-plant'),
  ('chinese-evergreen', 'parlor-palm'),
  ('chinese-evergreen', 'calathea'),
  ('chinese-evergreen', 'phalaenopsis-orchid'),
  ('chinese-evergreen', 'money-tree'),
  ('english-ivy', 'spider-plant'),
  ('english-ivy', 'parlor-palm'),
  ('english-ivy', 'calathea'),
  ('english-ivy', 'phalaenopsis-orchid'),
  ('english-ivy', 'money-tree'),
  ('jade-plant', 'spider-plant'),
  ('jade-plant', 'parlor-palm'),
  ('jade-plant', 'calathea'),
  ('jade-plant', 'phalaenopsis-orchid'),
  ('jade-plant', 'money-tree'),
  ('aloe', 'spider-plant'),
  ('aloe', 'parlor-palm'),
  ('aloe', 'calathea'),
  ('aloe', 'phalaenopsis-orchid'),
  ('aloe', 'money-tree'),
  ('kalanchoe', 'spider-plant'),
  ('kalanchoe', 'parlor-palm'),
  ('kalanchoe', 'calathea'),
  ('kalanchoe', 'phalaenopsis-orchid'),
  ('kalanchoe', 'money-tree'),
  ('schefflera', 'spider-plant'),
  ('schefflera', 'parlor-palm'),
  ('schefflera', 'calathea'),
  ('schefflera', 'phalaenopsis-orchid'),
  ('schefflera', 'money-tree'),
  ('yucca', 'spider-plant'),
  ('yucca', 'parlor-palm'),
  ('yucca', 'calathea'),
  ('yucca', 'phalaenopsis-orchid'),
  ('yucca', 'money-tree'),
  ('dieffenbachia', 'spider-plant'),
  ('dieffenbachia', 'parlor-palm'),
  ('dieffenbachia', 'calathea'),
  ('dieffenbachia', 'phalaenopsis-orchid'),
  ('dieffenbachia', 'money-tree'),
  ('madagascar-dragon-tree', 'spider-plant'),
  ('madagascar-dragon-tree', 'parlor-palm'),
  ('madagascar-dragon-tree', 'calathea'),
  ('madagascar-dragon-tree', 'phalaenopsis-orchid'),
  ('madagascar-dragon-tree', 'money-tree'),
  ('satin-pothos', 'spider-plant'),
  ('satin-pothos', 'parlor-palm'),
  ('satin-pothos', 'calathea'),
  ('satin-pothos', 'phalaenopsis-orchid'),
  ('satin-pothos', 'money-tree'),
  ('flamingo-flower', 'spider-plant'),
  ('flamingo-flower', 'parlor-palm'),
  ('flamingo-flower', 'calathea'),
  ('flamingo-flower', 'phalaenopsis-orchid'),
  ('flamingo-flower', 'money-tree'),
  ('begonia', 'spider-plant'),
  ('begonia', 'parlor-palm'),
  ('begonia', 'calathea'),
  ('begonia', 'phalaenopsis-orchid'),
  ('begonia', 'money-tree'),
  ('chrysanthemum', 'spider-plant'),
  ('chrysanthemum', 'parlor-palm'),
  ('chrysanthemum', 'calathea'),
  ('chrysanthemum', 'phalaenopsis-orchid'),
  ('chrysanthemum', 'money-tree'),
  ('cyclamen', 'spider-plant'),
  ('cyclamen', 'parlor-palm'),
  ('cyclamen', 'calathea'),
  ('cyclamen', 'phalaenopsis-orchid'),
  ('cyclamen', 'money-tree'),
  ('amaryllis', 'spider-plant'),
  ('amaryllis', 'parlor-palm'),
  ('amaryllis', 'calathea'),
  ('amaryllis', 'phalaenopsis-orchid'),
  ('amaryllis', 'money-tree'),
  ('tulip', 'spider-plant'),
  ('tulip', 'parlor-palm'),
  ('tulip', 'calathea'),
  ('tulip', 'phalaenopsis-orchid'),
  ('tulip', 'money-tree'),
  ('hyacinth', 'spider-plant'),
  ('hyacinth', 'parlor-palm'),
  ('hyacinth', 'calathea'),
  ('hyacinth', 'phalaenopsis-orchid'),
  ('hyacinth', 'money-tree'),
  ('daffodil', 'spider-plant'),
  ('daffodil', 'parlor-palm'),
  ('daffodil', 'calathea'),
  ('daffodil', 'phalaenopsis-orchid'),
  ('daffodil', 'money-tree'),
  ('lily', 'spider-plant'),
  ('lily', 'parlor-palm'),
  ('lily', 'calathea'),
  ('lily', 'phalaenopsis-orchid'),
  ('lily', 'money-tree'),
  ('asparagus-fern', 'spider-plant'),
  ('asparagus-fern', 'parlor-palm'),
  ('asparagus-fern', 'calathea'),
  ('asparagus-fern', 'phalaenopsis-orchid'),
  ('asparagus-fern', 'money-tree');

COMMIT;
