-- Seed: MVP popular indoor plants + potted flowers (historical top50 filename, now 58 records)
-- Enriched fields: aka_names, real image URLs, and toxic details from ASPCA pages.
-- Safety: This reset intentionally replaces existing mock data.

BEGIN;

DELETE FROM alternatives;
DELETE FROM citations;
DELETE FROM plants;

INSERT INTO plants (
  id,
  common_name,
  scientific_name,
  aka_names,
  flower_colors,
  primary_image_url,
  photo_urls,
  safety_status,
  symptoms,
  toxic_parts
)
VALUES
  ('golden-pothos', 'Golden Pothos', 'Epipremnum aureum', ARRAY['Devils Ivy', 'Ivy Arum', 'Taro Vine']::text[], ARRAY['green', 'yellow']::text[], 'https://upload.wikimedia.org/wikipedia/commons/thumb/1/1c/Epipremnum-aureum-poznan-palmiarnia-abrimaal.jpg/960px-Epipremnum-aureum-poznan-palmiarnia-abrimaal.jpg', ARRAY['https://upload.wikimedia.org/wikipedia/commons/thumb/1/1c/Epipremnum-aureum-poznan-palmiarnia-abrimaal.jpg/960px-Epipremnum-aureum-poznan-palmiarnia-abrimaal.jpg', 'https://upload.wikimedia.org/wikipedia/commons/thumb/6/62/Money_Plant_%28Epipremnum_aureum%29_4.jpg/960px-Money_Plant_%28Epipremnum_aureum%29_4.jpg', 'https://upload.wikimedia.org/wikipedia/commons/thumb/9/9d/Epipremnum_aureum_31082012.jpg/960px-Epipremnum_aureum_31082012.jpg']::text[], 'mildly_toxic', 'Oral irritation, intense burning and irritation of mouth, tongue and lips, excessive drooling, vomiting, difficulty swallowing.', 'Insoluble calcium oxalates'),
  ('snake-plant', 'Snake Plant', 'Sansevieria trifasciata', ARRAY['Golden Birds Nest', 'Mother-in-Law’s Tongue']::text[], ARRAY['green', 'yellow']::text[], 'https://upload.wikimedia.org/wikipedia/commons/thumb/a/a9/Asparagales_-_Sansevieria_trifasciata_4.jpg/960px-Asparagales_-_Sansevieria_trifasciata_4.jpg', ARRAY['https://upload.wikimedia.org/wikipedia/commons/thumb/a/a9/Asparagales_-_Sansevieria_trifasciata_4.jpg/960px-Asparagales_-_Sansevieria_trifasciata_4.jpg', 'https://upload.wikimedia.org/wikipedia/commons/thumb/a/ab/Asparagales_-_Sansevieria_trifasciata_5.jpg/960px-Asparagales_-_Sansevieria_trifasciata_5.jpg', 'https://upload.wikimedia.org/wikipedia/commons/thumb/7/74/Asparagales_-_Sansevieria_trifasciata_10.jpg/960px-Asparagales_-_Sansevieria_trifasciata_10.jpg']::text[], 'mildly_toxic', 'Nausea, vomiting, diarrhea.', 'Saponins'),
  ('swiss-cheese-plant', 'Swiss Cheese Plant', 'Monstera deliciosa', ARRAY['Ceriman', 'Cutleaf Philodendron', 'Hurricane Plant', 'Mexican Breadfruit', 'Mother-in-Law']::text[], ARRAY['green', 'white']::text[], 'https://upload.wikimedia.org/wikipedia/commons/thumb/2/2e/Monstera_deliciosa2.jpg/960px-Monstera_deliciosa2.jpg', ARRAY['https://upload.wikimedia.org/wikipedia/commons/thumb/2/2e/Monstera_deliciosa2.jpg/960px-Monstera_deliciosa2.jpg', 'https://upload.wikimedia.org/wikipedia/commons/thumb/9/96/Monstera_deliciosa_flower_and_buds.jpg/960px-Monstera_deliciosa_flower_and_buds.jpg', 'https://upload.wikimedia.org/wikipedia/commons/thumb/c/c2/Monstera_deliciosa_001.jpg/960px-Monstera_deliciosa_001.jpg']::text[], 'mildly_toxic', 'Oral irritation, intense burning and irritation of mouth, tongue and lips, excessive drooling, vomiting, difficulty swallowing.', 'Insoluble calcium oxalates'),
  ('heartleaf-philodendron', 'Heartleaf Philodendron', 'Philodendron hederaceum', ARRAY['Cordatum', 'Fiddle-Leaf', 'Horsehead Philodendron', 'Lacy Tree Philodendron', 'Panda Plant', 'Philodendron Pertusum']::text[], ARRAY['green']::text[], 'https://upload.wikimedia.org/wikipedia/commons/b/bb/Philodendron_scandens_subsp_oxycardium2.jpg', ARRAY['https://upload.wikimedia.org/wikipedia/commons/b/bb/Philodendron_scandens_subsp_oxycardium2.jpg', 'https://upload.wikimedia.org/wikipedia/commons/thumb/1/1b/Philodendron_hederaceum_hederaceum_0zz.jpg/960px-Philodendron_hederaceum_hederaceum_0zz.jpg', 'https://upload.wikimedia.org/wikipedia/commons/thumb/a/ad/Philodendron_hederaceum_hederaceum_1zz.jpg/960px-Philodendron_hederaceum_hederaceum_1zz.jpg']::text[], 'mildly_toxic', 'Oral irritation, pain and swelling of mouth, tongue and lips, excessive drooling, vomiting (not horses), difficulty swallowing', 'Insoluble calcium oxalates'),
  ('peace-lily', 'Peace Lily', 'Spathiphyllum', ARRAY['Mauna Loa Peace Lily']::text[], ARRAY['white', 'green']::text[], 'https://upload.wikimedia.org/wikipedia/commons/thumb/b/bd/Spathiphyllum_cochlearispathum_RTBG.jpg/960px-Spathiphyllum_cochlearispathum_RTBG.jpg', ARRAY['https://upload.wikimedia.org/wikipedia/commons/thumb/b/bd/Spathiphyllum_cochlearispathum_RTBG.jpg/960px-Spathiphyllum_cochlearispathum_RTBG.jpg', 'https://upload.wikimedia.org/wikipedia/commons/thumb/a/ab/Peace_Lily_%28Spathiphyllum_chopin%29.jpg/960px-Peace_Lily_%28Spathiphyllum_chopin%29.jpg', 'https://upload.wikimedia.org/wikipedia/commons/thumb/d/dd/Spathiphyllum_wallisii_%28Family_Araceae%29_-_spadix_and_spathe_II.jpg/960px-Spathiphyllum_wallisii_%28Family_Araceae%29_-_spadix_and_spathe_II.jpg']::text[], 'mildly_toxic', 'Oral irritation, intense burning and irritation of mouth, tongue and lips, excessive drooling, vomiting, difficulty swallowing.', 'Insoluble calcium oxalates'),
  ('spider-plant', 'Spider Plant', 'Chlorophytum comosum', ARRAY['Anthericum Comosum', 'Ribbon Plant (Chlorophytum Comosum)', 'Spider Ivy', 'Walking Anthericum']::text[], ARRAY['green', 'white']::text[], 'https://upload.wikimedia.org/wikipedia/commons/thumb/6/69/Chlorophytum_comosum-Chlorophytum_commun-Stolon-20160423.jpg/960px-Chlorophytum_comosum-Chlorophytum_commun-Stolon-20160423.jpg', ARRAY['https://upload.wikimedia.org/wikipedia/commons/thumb/6/69/Chlorophytum_comosum-Chlorophytum_commun-Stolon-20160423.jpg/960px-Chlorophytum_comosum-Chlorophytum_commun-Stolon-20160423.jpg', 'https://upload.wikimedia.org/wikipedia/commons/thumb/6/66/Chlorophytum_comosum_eastern_cape.jpg/960px-Chlorophytum_comosum_eastern_cape.jpg', 'https://upload.wikimedia.org/wikipedia/commons/thumb/a/a4/Seed_and_Fruit_of_Chlorophytum_comosum.jpg/960px-Seed_and_Fruit_of_Chlorophytum_comosum.jpg']::text[], 'non_toxic', NULL, NULL),
  ('dracaena', 'Dracaena', 'Dracaena spp.', ARRAY['Ribbon Plant']::text[], ARRAY['green']::text[], 'https://upload.wikimedia.org/wikipedia/commons/thumb/6/61/Dracaena_reflexa.JPG/960px-Dracaena_reflexa.JPG', ARRAY['https://upload.wikimedia.org/wikipedia/commons/thumb/6/61/Dracaena_reflexa.JPG/960px-Dracaena_reflexa.JPG', 'https://upload.wikimedia.org/wikipedia/commons/thumb/5/51/Dracaena_reflexa_Song_of_India.jpg/960px-Dracaena_reflexa_Song_of_India.jpg', 'https://upload.wikimedia.org/wikipedia/commons/thumb/0/06/Dracaena_reflexa_Song_of_India_1.jpg/960px-Dracaena_reflexa_Song_of_India_1.jpg']::text[], 'mildly_toxic', 'Vomiting (occasionally with blood), depression, anorexia, hypersalivation, dilated pupils (cats).', 'Saponins'),
  ('money-tree', 'Money Tree', 'Pachira aquatica', ARRAY['Guiana Chestnut', 'Malabar Chestnut', 'Saba Nut']::text[], ARRAY['green']::text[], 'https://upload.wikimedia.org/wikipedia/commons/thumb/3/3a/Pachira_aquatica_%28inflorescense%29.jpg/960px-Pachira_aquatica_%28inflorescense%29.jpg', ARRAY['https://upload.wikimedia.org/wikipedia/commons/thumb/3/3a/Pachira_aquatica_%28inflorescense%29.jpg/960px-Pachira_aquatica_%28inflorescense%29.jpg', 'https://upload.wikimedia.org/wikipedia/commons/thumb/f/f2/Pachira_aquatica_%28fruit%29.jpg/960px-Pachira_aquatica_%28fruit%29.jpg', 'https://upload.wikimedia.org/wikipedia/commons/thumb/9/93/Pachira_aquatica_%28fruit%29_edit1.jpg/960px-Pachira_aquatica_%28fruit%29_edit1.jpg']::text[], 'non_toxic', NULL, NULL),
  ('corn-plant', 'Corn Plant', 'Dracaena fragrans', ARRAY['Cornstalk Plant']::text[], ARRAY['green', 'yellow']::text[], 'https://upload.wikimedia.org/wikipedia/commons/thumb/6/64/Dracaena_fragrans_a1.jpg/960px-Dracaena_fragrans_a1.jpg', ARRAY['https://upload.wikimedia.org/wikipedia/commons/thumb/6/64/Dracaena_fragrans_a1.jpg/960px-Dracaena_fragrans_a1.jpg', 'https://upload.wikimedia.org/wikipedia/commons/thumb/e/ee/Dracaena_fragrans_-_Jard%C3%ADn_Bot%C3%A1nico_Canario_Viera_y_Clavijo_-_Gran_Canaria.jpg/960px-Dracaena_fragrans_-_Jard%C3%ADn_Bot%C3%A1nico_Canario_Viera_y_Clavijo_-_Gran_Canaria.jpg', 'https://upload.wikimedia.org/wikipedia/commons/thumb/d/de/Dracaena_fragrans_0zz.jpg/960px-Dracaena_fragrans_0zz.jpg']::text[], 'mildly_toxic', 'Vomiting (occasionally with blood), depression, anorexia, hypersalivation, dilated pupils (cats).', 'Saponins'),
  ('chinese-evergreen', 'Chinese Evergreen', 'Aglaonema modestum', ARRAY['Aglaonema', 'Philippine Evergreen']::text[], ARRAY['green', 'white']::text[], 'https://upload.wikimedia.org/wikipedia/commons/thumb/5/5f/Aglaonema_costatum_001.JPG/960px-Aglaonema_costatum_001.JPG', ARRAY['https://upload.wikimedia.org/wikipedia/commons/thumb/5/5f/Aglaonema_costatum_001.JPG/960px-Aglaonema_costatum_001.JPG', 'https://upload.wikimedia.org/wikipedia/commons/thumb/6/65/Aglaonema_costatum_002.JPG/960px-Aglaonema_costatum_002.JPG', 'https://upload.wikimedia.org/wikipedia/commons/thumb/7/70/Aglaonema_costatum_003.JPG/960px-Aglaonema_costatum_003.JPG']::text[], 'mildly_toxic', 'Oral irritation, pain and swelling of mouth, tongue and lips, excessive drooling, vomiting (not horses), difficulty swallowing', 'Insoluble calcium oxalates'),
  ('english-ivy', 'English Ivy', 'Hedera helix', ARRAY['Branching Ivy', 'California Ivy', 'Glacier Ivy', 'Hahn''s Self Branching English Ivy', 'Needlepoint Ivy', 'Sweetheart Ivy']::text[], ARRAY['green']::text[], 'https://upload.wikimedia.org/wikipedia/commons/thumb/c/c8/Ivy_Hedera_Red_Brick_Wall_2892px.jpg/960px-Ivy_Hedera_Red_Brick_Wall_2892px.jpg', ARRAY['https://upload.wikimedia.org/wikipedia/commons/thumb/c/c8/Ivy_Hedera_Red_Brick_Wall_2892px.jpg/960px-Ivy_Hedera_Red_Brick_Wall_2892px.jpg', 'https://upload.wikimedia.org/wikipedia/commons/thumb/8/83/Blad_van_klimop_%28Hedera_helix%29_02.JPG/960px-Blad_van_klimop_%28Hedera_helix%29_02.JPG', 'https://upload.wikimedia.org/wikipedia/commons/thumb/4/45/Hedera_helix_clinging_on_Platanus_x_hispanica%2C_Agde%2C_H%C3%A9rault.jpg/960px-Hedera_helix_clinging_on_Platanus_x_hispanica%2C_Agde%2C_H%C3%A9rault.jpg']::text[], 'mildly_toxic', 'Vomiting, abdominal pain, hypersalivation, diarrhea. Foliage is more toxic than berries', 'Triterpenoid saponins (hederagenin)'),
  ('jade-plant', 'Jade Plant', 'Crassula argentea', ARRAY['Chinese Jade', 'Silver Dollar', 'Silver Jade Plant']::text[], ARRAY['green']::text[], 'https://upload.wikimedia.org/wikipedia/commons/thumb/5/5d/Crassula_ovata_RTBG.jpg/960px-Crassula_ovata_RTBG.jpg', ARRAY['https://upload.wikimedia.org/wikipedia/commons/thumb/5/5d/Crassula_ovata_RTBG.jpg/960px-Crassula_ovata_RTBG.jpg', 'https://upload.wikimedia.org/wikipedia/commons/thumb/6/6b/Crassula_ovata_2012.jpg/960px-Crassula_ovata_2012.jpg', 'https://upload.wikimedia.org/wikipedia/commons/thumb/5/5a/Crassula_portulacea%2C_jard%C3%ADn_bot%C3%A1nico_de_Tallinn%2C_Estonia%2C_2012-08-13%2C_DD_01.JPG/960px-Crassula_portulacea%2C_jard%C3%ADn_bot%C3%A1nico_de_Tallinn%2C_Estonia%2C_2012-08-13%2C_DD_01.JPG']::text[], 'mildly_toxic', 'Vomiting, depression, incoordination', NULL),
  ('calathea', 'Calathea', 'Calathea spp.', ARRAY['Caeroba', 'Calathea Lancifolia 3', 'Maranta', 'Miniature Maranta', 'Prayer Plant', 'Red Veined Prayer']::text[], ARRAY['green', 'purple', 'pink']::text[], 'https://upload.wikimedia.org/wikipedia/commons/3/3b/Calathea_lancifolia_-_rattlesnake_plant_-_from-DC1.jpg', ARRAY['https://upload.wikimedia.org/wikipedia/commons/3/3b/Calathea_lancifolia_-_rattlesnake_plant_-_from-DC1.jpg', 'https://upload.wikimedia.org/wikipedia/commons/thumb/6/60/Calathea_makoyana_1.jpg/960px-Calathea_makoyana_1.jpg', 'https://upload.wikimedia.org/wikipedia/commons/thumb/7/76/Calathea_Helen_Kennedy_1zz.jpg/960px-Calathea_Helen_Kennedy_1zz.jpg']::text[], 'non_toxic', NULL, NULL),
  ('parlor-palm', 'Parlor Palm', 'Chamaedorea elegans', ARRAY['Bamboo Palm', 'Chamaedorea', 'Collinia Elegans', 'Dwarf Palm', 'Good Luck Palm', 'Miniature Fish Tail']::text[], ARRAY['green']::text[], 'https://upload.wikimedia.org/wikipedia/commons/thumb/f/f5/Chamaedorea_elegans.jpg/960px-Chamaedorea_elegans.jpg', ARRAY['https://upload.wikimedia.org/wikipedia/commons/thumb/f/f5/Chamaedorea_elegans.jpg/960px-Chamaedorea_elegans.jpg', 'https://upload.wikimedia.org/wikipedia/commons/thumb/6/64/Chamaedorea_elegans_Mart.JPG/960px-Chamaedorea_elegans_Mart.JPG', 'https://upload.wikimedia.org/wikipedia/commons/2/2b/Chamaedorea_elegans_%2820144031253%29.jpg']::text[], 'non_toxic', NULL, NULL),
  ('areca-palm', 'Areca Palm', 'Dypsis lutescens', ARRAY['Golden Butterfly Palm', 'Yellow Palm']::text[], ARRAY['green', 'yellow']::text[], 'https://upload.wikimedia.org/wikipedia/commons/thumb/4/4b/Dypsis_lutescens1.jpg/960px-Dypsis_lutescens1.jpg', ARRAY['https://upload.wikimedia.org/wikipedia/commons/thumb/4/4b/Dypsis_lutescens1.jpg/960px-Dypsis_lutescens1.jpg', 'https://upload.wikimedia.org/wikipedia/commons/thumb/c/cf/Dypsis_lutescens_%28Family_Arecaceae%29_-_leaves_close-up.jpg/960px-Dypsis_lutescens_%28Family_Arecaceae%29_-_leaves_close-up.jpg', 'https://upload.wikimedia.org/wikipedia/commons/thumb/3/35/Dypsis_lutescens_%28Family_Arecaceae%29_-_leaves.jpg/960px-Dypsis_lutescens_%28Family_Arecaceae%29_-_leaves.jpg']::text[], 'non_toxic', NULL, NULL),
  ('majesty-palm', 'Majesty Palm', 'Ravenea rivularis', ARRAY['Majestic Palm', 'Ravenea Palm']::text[], ARRAY['green']::text[], 'https://upload.wikimedia.org/wikipedia/commons/thumb/b/b2/Ravenea_rivularis-IMG_0468.jpg/960px-Ravenea_rivularis-IMG_0468.jpg', ARRAY['https://upload.wikimedia.org/wikipedia/commons/thumb/b/b2/Ravenea_rivularis-IMG_0468.jpg/960px-Ravenea_rivularis-IMG_0468.jpg', 'https://upload.wikimedia.org/wikipedia/commons/thumb/1/1f/Ravenea_rivularis_-_Botanischer_Garten_-_Heidelberg%2C_Germany_-_DSC01175.jpg/960px-Ravenea_rivularis_-_Botanischer_Garten_-_Heidelberg%2C_Germany_-_DSC01175.jpg', 'https://upload.wikimedia.org/wikipedia/commons/thumb/6/60/Ravenea_rivularis_1zz.jpg/960px-Ravenea_rivularis_1zz.jpg']::text[], 'non_toxic', NULL, NULL),
  ('bamboo-palm', 'Bamboo Palm', 'Chamaedorea elegans', ARRAY['Chamaedorea', 'Collinia Elegans', 'Dwarf Palm', 'Good Luck Palm', 'Miniature Fish Tail', 'Neanthe Bella Palm']::text[], ARRAY['green']::text[], 'https://upload.wikimedia.org/wikipedia/commons/0/00/Chamaedorea_seifrizii0.jpg', ARRAY['https://upload.wikimedia.org/wikipedia/commons/0/00/Chamaedorea_seifrizii0.jpg', 'https://upload.wikimedia.org/wikipedia/commons/d/df/Chamaedorea_seifrizii7.jpg', 'https://upload.wikimedia.org/wikipedia/commons/thumb/7/73/Starr_070906-8759_Chamaedorea_seifrizii.jpg/960px-Starr_070906-8759_Chamaedorea_seifrizii.jpg']::text[], 'non_toxic', NULL, NULL),
  ('boston-fern', 'Boston Fern', 'Nephrolepis exalta bostoniensis', ARRAY['Bold Sword Fern', 'Crisped Feather Fern', 'Dallas Fern', 'Dwarf Feather Palm', 'Feather Palm', 'Roosevelt Fern']::text[], ARRAY['green']::text[], 'https://upload.wikimedia.org/wikipedia/commons/f/f7/Nephrolepis_exaltata_indoor0705c.jpg', ARRAY['https://upload.wikimedia.org/wikipedia/commons/f/f7/Nephrolepis_exaltata_indoor0705c.jpg', 'https://upload.wikimedia.org/wikipedia/commons/thumb/c/cb/Nephrolepis_exaltata_kz2.JPG/960px-Nephrolepis_exaltata_kz2.JPG', 'https://upload.wikimedia.org/wikipedia/commons/thumb/1/13/Nephrolepis_exaltata_Whitmanii_0zz.jpg/960px-Nephrolepis_exaltata_Whitmanii_0zz.jpg']::text[], 'non_toxic', NULL, NULL),
  ('christmas-cactus', 'Christmas Cactus', 'Schlumbergera bridgesii', ARRAY['Shrimp Cactus']::text[], ARRAY['pink', 'red', 'white']::text[], 'https://upload.wikimedia.org/wikipedia/commons/thumb/2/27/Schlumbergera_%28actm%29_02.jpg/960px-Schlumbergera_%28actm%29_02.jpg', ARRAY['https://upload.wikimedia.org/wikipedia/commons/thumb/2/27/Schlumbergera_%28actm%29_02.jpg/960px-Schlumbergera_%28actm%29_02.jpg', 'https://upload.wikimedia.org/wikipedia/commons/thumb/d/de/Schlumbergera_%28actm%29_01.jpg/960px-Schlumbergera_%28actm%29_01.jpg', 'https://upload.wikimedia.org/wikipedia/commons/thumb/1/1f/Schlumbergera_%28actm%29_05.jpg/960px-Schlumbergera_%28actm%29_05.jpg']::text[], 'non_toxic', NULL, NULL),
  ('aloe', 'Aloe', 'Aloe vera', ARRAY['Barbados Aloe', 'Cushion Aloe', 'True Aloe']::text[], ARRAY['green']::text[], 'https://upload.wikimedia.org/wikipedia/commons/thumb/b/b0/Aloe_vera_flower_bud.jpg/960px-Aloe_vera_flower_bud.jpg', ARRAY['https://upload.wikimedia.org/wikipedia/commons/thumb/b/b0/Aloe_vera_flower_bud.jpg/960px-Aloe_vera_flower_bud.jpg', 'https://upload.wikimedia.org/wikipedia/commons/thumb/5/56/Starr_011104-0040_Aloe_vera.jpg/960px-Starr_011104-0040_Aloe_vera.jpg', 'https://upload.wikimedia.org/wikipedia/commons/thumb/1/18/Puerto_del_Carmen._Lanzarote._Aloe.jpg/960px-Puerto_del_Carmen._Lanzarote._Aloe.jpg']::text[], 'mildly_toxic', 'Vomiting (not horses), lethargy, diarrhea. The gel is considered edible.', 'Saponins, anthraquinones'),
  ('kalanchoe', 'Kalanchoe', 'Kalanchoe spp', ARRAY['Chandelier Plant', 'Devil''s Backbone', 'Mother of Millions', 'Mother-In-Law Plant']::text[], ARRAY['red', 'pink', 'orange', 'yellow']::text[], 'https://upload.wikimedia.org/wikipedia/commons/thumb/f/f7/Kalanchoe_blossfeldiana_Plant_07.jpg/960px-Kalanchoe_blossfeldiana_Plant_07.jpg', ARRAY['https://upload.wikimedia.org/wikipedia/commons/thumb/f/f7/Kalanchoe_blossfeldiana_Plant_07.jpg/960px-Kalanchoe_blossfeldiana_Plant_07.jpg', 'https://upload.wikimedia.org/wikipedia/commons/thumb/4/44/Kalanchoe_blossfeldiana_Plant_08.jpg/960px-Kalanchoe_blossfeldiana_Plant_08.jpg', 'https://upload.wikimedia.org/wikipedia/commons/thumb/3/31/Kalanchoe_blossfeldiana_Plant_10.jpg/960px-Kalanchoe_blossfeldiana_Plant_10.jpg']::text[], 'mildly_toxic', 'Vomiting, diarrhea, abnormal heart rhythm (rare).', 'Bufodienolides'),
  ('schefflera', 'Schefflera', 'Schefflera', ARRAY['Octopus Tree']::text[], ARRAY['green']::text[], 'https://upload.wikimedia.org/wikipedia/commons/thumb/8/82/Schefflera_arboricola%2C_vrugte%2C_a%2C_Pretoria.jpg/960px-Schefflera_arboricola%2C_vrugte%2C_a%2C_Pretoria.jpg', ARRAY['https://upload.wikimedia.org/wikipedia/commons/thumb/8/82/Schefflera_arboricola%2C_vrugte%2C_a%2C_Pretoria.jpg/960px-Schefflera_arboricola%2C_vrugte%2C_a%2C_Pretoria.jpg', 'https://upload.wikimedia.org/wikipedia/commons/thumb/4/45/Dwarf_Umbrella_Tree_%28Schefflera_arboricola%29_2.jpg/960px-Dwarf_Umbrella_Tree_%28Schefflera_arboricola%29_2.jpg', 'https://upload.wikimedia.org/wikipedia/commons/thumb/4/43/Dwarf_Umbrella_Tree_%28Schefflera_arboricola%29_1.jpg/960px-Dwarf_Umbrella_Tree_%28Schefflera_arboricola%29_1.jpg']::text[], 'mildly_toxic', 'Oral irritation, intense burning and irritation of the mouth, lips, tongue, excessive drooling, vomiting, difficulty in swallowing.', 'Calcium oxalate crystals'),
  ('yucca', 'Yucca', 'Yucca spp.', ARRAY['Spineless Yucca', 'Yucca Cane']::text[], ARRAY['green', 'white']::text[], 'https://upload.wikimedia.org/wikipedia/commons/thumb/d/d1/Yucca_elephantipes_HRM2.JPG/960px-Yucca_elephantipes_HRM2.JPG', ARRAY['https://upload.wikimedia.org/wikipedia/commons/thumb/d/d1/Yucca_elephantipes_HRM2.JPG/960px-Yucca_elephantipes_HRM2.JPG', 'https://upload.wikimedia.org/wikipedia/commons/thumb/b/bd/Yucca_gigantea_-_Jard%C3%ADn_Bot%C3%A1nico_Canario_Viera_y_Clavijo_-_Gran_Canaria.jpg/960px-Yucca_gigantea_-_Jard%C3%ADn_Bot%C3%A1nico_Canario_Viera_y_Clavijo_-_Gran_Canaria.jpg', 'https://upload.wikimedia.org/wikipedia/commons/thumb/5/5d/Yucca_gigantea_kz02.jpg/960px-Yucca_gigantea_kz02.jpg']::text[], 'mildly_toxic', 'Dogs, cats: Vomiting; Horses: liver disease, dermatitis', 'Saponins'),
  ('dieffenbachia', 'Dieffenbachia', 'Dieffenbachia', ARRAY['Dumbcane']::text[], ARRAY['green', 'white']::text[], 'https://upload.wikimedia.org/wikipedia/commons/8/80/Dieffenbachia_seguine1FKST.jpg', ARRAY['https://upload.wikimedia.org/wikipedia/commons/8/80/Dieffenbachia_seguine1FKST.jpg', 'https://upload.wikimedia.org/wikipedia/commons/thumb/3/3e/Dieffenbachia_seguine_kz05.jpg/960px-Dieffenbachia_seguine_kz05.jpg', 'https://upload.wikimedia.org/wikipedia/commons/thumb/7/79/Dieffenbachia_seguine_kz07.jpg/960px-Dieffenbachia_seguine_kz07.jpg']::text[], 'mildly_toxic', 'Oral irritation, intense burning and irritation of mouth , tongue and lips, excessive drooling, vomiting, difficulty swallowing', 'Insoluble calcium oxalates, proteolytic enzyme'),
  ('madagascar-dragon-tree', 'Madagascar Dragon Tree', 'Dracaena marginata', ARRAY['Red-Marginated Dracaena', 'Straight-Margined Dracaena']::text[], ARRAY['green', 'red']::text[], 'https://upload.wikimedia.org/wikipedia/commons/f/f9/Dracaena_marginata_IndoorPlant_0605k.jpg', ARRAY['https://upload.wikimedia.org/wikipedia/commons/f/f9/Dracaena_marginata_IndoorPlant_0605k.jpg', 'https://upload.wikimedia.org/wikipedia/commons/thumb/6/61/Dracaena_reflexa.JPG/960px-Dracaena_reflexa.JPG', 'https://upload.wikimedia.org/wikipedia/commons/thumb/a/a0/Starr_061231-3032_Dracaena_marginata.jpg/960px-Starr_061231-3032_Dracaena_marginata.jpg']::text[], 'mildly_toxic', 'Vomiting (occasionally with blood), depression, anorexia, hypersalivation, dilated pupils (cats).', 'Saponins'),
  ('satin-pothos', 'Satin Pothos', 'Scindapsus pictus', ARRAY['Marble Queen', 'Variegated Philodendron']::text[], ARRAY['green', 'white']::text[], 'https://upload.wikimedia.org/wikipedia/commons/thumb/c/ca/Scindapsus_pictus_01.jpg/960px-Scindapsus_pictus_01.jpg', ARRAY['https://upload.wikimedia.org/wikipedia/commons/thumb/c/ca/Scindapsus_pictus_01.jpg/960px-Scindapsus_pictus_01.jpg', 'https://upload.wikimedia.org/wikipedia/commons/a/a1/Scindapsus_pictus-leaf.jpg', 'https://upload.wikimedia.org/wikipedia/commons/thumb/f/f4/Silver_Vine_%28Scindapsus_pictus%29_6.jpg/960px-Silver_Vine_%28Scindapsus_pictus%29_6.jpg']::text[], 'mildly_toxic', 'Oral irritation, pain and swelling of mouth, tongue and lips, excessive drooling, vomiting (not horses), difficulty swallowing', 'Insoluble calcium oxalates'),
  ('baby-rubber-plant', 'Baby Rubber Plant', 'Peperomia obtusifolia', ARRAY['American Rubber Plant', 'Blunt Leaf Peperomia', 'Pepper Face', 'Rhynchophorum']::text[], ARRAY['green']::text[], 'https://upload.wikimedia.org/wikipedia/commons/thumb/1/12/Peperomia_obtusifolia.jpg/960px-Peperomia_obtusifolia.jpg', ARRAY['https://upload.wikimedia.org/wikipedia/commons/thumb/1/12/Peperomia_obtusifolia.jpg/960px-Peperomia_obtusifolia.jpg', 'https://upload.wikimedia.org/wikipedia/commons/thumb/a/ab/Peperomia_obtusifolia%2C_Conservatorio_bot%C3%A1nico%2C_Fort_Wayne%2C_Indiana%2C_Estados_Unidos%2C_2012-11-12%2C_DD_01.jpg/960px-Peperomia_obtusifolia%2C_Conservatorio_bot%C3%A1nico%2C_Fort_Wayne%2C_Indiana%2C_Estados_Unidos%2C_2012-11-12%2C_DD_01.jpg', 'https://upload.wikimedia.org/wikipedia/commons/thumb/e/e4/Peperomia_obtusifolia_6zz.jpg/960px-Peperomia_obtusifolia_6zz.jpg']::text[], 'non_toxic', NULL, NULL),
  ('emerald-ripple-peperomia', 'Emerald Ripple Peperomia', 'Peperomia caperata', ARRAY['Green Ripple Peperomia', 'Little Fantasy Peperomia', 'Metallic Peperomia', 'Silver Heart']::text[], ARRAY['green']::text[], 'https://upload.wikimedia.org/wikipedia/commons/thumb/1/14/Peperomia_caperata_1-OB9.jpg/960px-Peperomia_caperata_1-OB9.jpg', ARRAY['https://upload.wikimedia.org/wikipedia/commons/thumb/1/14/Peperomia_caperata_1-OB9.jpg/960px-Peperomia_caperata_1-OB9.jpg', 'https://upload.wikimedia.org/wikipedia/commons/thumb/3/30/Peperomia_caperata_2-OB9.jpg/960px-Peperomia_caperata_2-OB9.jpg', 'https://upload.wikimedia.org/wikipedia/commons/thumb/5/51/Peperomia_caperata_Emerald_Ripple_0zz.jpg/960px-Peperomia_caperata_Emerald_Ripple_0zz.jpg']::text[], 'non_toxic', NULL, NULL),
  ('prayer-plant', 'Prayer Plant', 'Calathea insignis', ARRAY['Caeroba', 'Calathea Lancifolia 3', 'Maranta', 'Red Veined Prayer']::text[], ARRAY['green', 'purple', 'pink']::text[], 'https://upload.wikimedia.org/wikipedia/commons/4/4a/Maranta_leuconeura3.jpg', ARRAY['https://upload.wikimedia.org/wikipedia/commons/4/4a/Maranta_leuconeura3.jpg', 'https://upload.wikimedia.org/wikipedia/commons/thumb/2/2a/Maranta_leuconeura_5zz.jpg/960px-Maranta_leuconeura_5zz.jpg', 'https://upload.wikimedia.org/wikipedia/commons/thumb/b/bf/Maranta_leuconeura_8zz.jpg/960px-Maranta_leuconeura_8zz.jpg']::text[], 'non_toxic', NULL, NULL),
  ('flamingo-flower', 'Flamingo Flower', 'Anthurium scherzeranum', ARRAY['Oilcloth Flower', 'Painter''s Pallette', 'Pigtail Plant', 'Tail Flower']::text[], ARRAY['red', 'pink', 'white']::text[], 'https://upload.wikimedia.org/wikipedia/commons/thumb/4/43/Anthurium_andraeanum_hatem_moushir.JPG/932px-Anthurium_andraeanum_hatem_moushir.JPG', ARRAY['https://upload.wikimedia.org/wikipedia/commons/thumb/4/43/Anthurium_andraeanum_hatem_moushir.JPG/932px-Anthurium_andraeanum_hatem_moushir.JPG', 'https://upload.wikimedia.org/wikipedia/commons/thumb/2/2c/Anthurium_%28Flamingoplant%29_12-08-2019_%28actm%29_01.jpg/960px-Anthurium_%28Flamingoplant%29_12-08-2019_%28actm%29_01.jpg', 'https://upload.wikimedia.org/wikipedia/commons/thumb/0/04/Anthurium_andraeanum_-_fruits.jpg/960px-Anthurium_andraeanum_-_fruits.jpg']::text[], 'mildly_toxic', 'Oral irritation, pain and swelling of mouth, tongue and lips, excessive drooling, vomiting (not horses), difficulty swallowing', 'Insoluble calcium oxalates'),
  ('phalaenopsis-orchid', 'Phalaenopsis Orchid', 'Phalaenopsis sp.', ARRAY['Moth Orchid']::text[], ARRAY['white', 'pink', 'purple', 'yellow']::text[], 'https://upload.wikimedia.org/wikipedia/commons/thumb/9/90/Phalaenopsis_%28aka%29.jpg/960px-Phalaenopsis_%28aka%29.jpg', ARRAY['https://upload.wikimedia.org/wikipedia/commons/thumb/9/90/Phalaenopsis_%28aka%29.jpg/960px-Phalaenopsis_%28aka%29.jpg', 'https://upload.wikimedia.org/wikipedia/commons/thumb/2/26/Phalaenopsis_white_cultivar_2.jpg/960px-Phalaenopsis_white_cultivar_2.jpg', 'https://upload.wikimedia.org/wikipedia/commons/thumb/c/c6/Phalaenopsis_Hybride_FR_2013.jpg/960px-Phalaenopsis_Hybride_FR_2013.jpg']::text[], 'non_toxic', NULL, NULL),
  ('dancing-doll-orchid', 'Dancing Doll Orchid', 'Oncidium flexuosum', ARRAY['Golden Shower Orchid']::text[], ARRAY['yellow']::text[], 'https://upload.wikimedia.org/wikipedia/commons/e/ec/Oncidium_spacelatum1.jpg', ARRAY['https://upload.wikimedia.org/wikipedia/commons/e/ec/Oncidium_spacelatum1.jpg', 'https://upload.wikimedia.org/wikipedia/commons/thumb/b/b9/Odontoglossum_crispum.jpg/960px-Odontoglossum_crispum.jpg', 'https://upload.wikimedia.org/wikipedia/commons/thumb/1/1c/Oncidium_excavatum_RTBG.jpg/960px-Oncidium_excavatum_RTBG.jpg']::text[], 'non_toxic', NULL, NULL),
  ('african-violet', 'African Violet', 'Saintpaulia spp.', ARRAY['Kenya Violet']::text[], ARRAY['purple', 'pink']::text[], 'https://upload.wikimedia.org/wikipedia/commons/thumb/1/19/2007-04-20Saintpaulia_ionantha04.jpg/960px-2007-04-20Saintpaulia_ionantha04.jpg', ARRAY['https://upload.wikimedia.org/wikipedia/commons/thumb/1/19/2007-04-20Saintpaulia_ionantha04.jpg/960px-2007-04-20Saintpaulia_ionantha04.jpg', 'https://upload.wikimedia.org/wikipedia/commons/thumb/a/a0/Saintpaulia_ionantha.jpg/960px-Saintpaulia_ionantha.jpg', 'https://upload.wikimedia.org/wikipedia/commons/thumb/a/a3/Saintpaulia_ionantha_subsp._velutina_-_Copenhagen_Botanical_Garden_-_DSC07434.JPG/960px-Saintpaulia_ionantha_subsp._velutina_-_Copenhagen_Botanical_Garden_-_DSC07434.JPG']::text[], 'non_toxic', NULL, NULL),
  ('blushing-bromeliad', 'Blushing Bromeliad', 'Neoregalia spp.', ARRAY['Aregelia', 'Crimson Cup', 'Neoregelia', 'Ossifragi Vase', 'Striped Blushing']::text[], ARRAY['red', 'pink']::text[], 'https://upload.wikimedia.org/wikipedia/commons/thumb/2/27/Neoregelia_carolinae_BotGardBln310505a.jpg/960px-Neoregelia_carolinae_BotGardBln310505a.jpg', ARRAY['https://upload.wikimedia.org/wikipedia/commons/thumb/2/27/Neoregelia_carolinae_BotGardBln310505a.jpg/960px-Neoregelia_carolinae_BotGardBln310505a.jpg', 'https://upload.wikimedia.org/wikipedia/commons/thumb/3/3a/Neoregelia_carolinae_var._tricolor.jpg/960px-Neoregelia_carolinae_var._tricolor.jpg', 'https://upload.wikimedia.org/wikipedia/commons/thumb/6/68/Neoregelia_carolinae_tricolor_2zz.jpg/960px-Neoregelia_carolinae_tricolor_2zz.jpg']::text[], 'non_toxic', NULL, NULL),
  ('hibiscus', 'Hibiscus', 'Hibiscus syriacus', ARRAY['Rose of China', 'Rose of Sharon']::text[], ARRAY['red', 'pink', 'yellow', 'orange']::text[], 'https://upload.wikimedia.org/wikipedia/commons/thumb/5/55/Hibiscus_petal.jpg/960px-Hibiscus_petal.jpg', ARRAY['https://upload.wikimedia.org/wikipedia/commons/thumb/5/55/Hibiscus_petal.jpg/960px-Hibiscus_petal.jpg', 'https://upload.wikimedia.org/wikipedia/commons/thumb/3/36/Hibiscus_rosa-sinensis_blossom.jpg/960px-Hibiscus_rosa-sinensis_blossom.jpg', 'https://upload.wikimedia.org/wikipedia/commons/thumb/1/1e/Hibiscus_August_2012-2.jpg/960px-Hibiscus_August_2012-2.jpg']::text[], 'non_toxic', NULL, NULL),
  ('gerber-daisy', 'Gerber Daisy', 'Gerbera jamesonii', ARRAY['African Daisy', 'Barberton Daisy']::text[], ARRAY['red', 'pink', 'orange', 'yellow', 'white']::text[], 'https://upload.wikimedia.org/wikipedia/commons/thumb/4/48/BarbertonDaisy.jpg/960px-BarbertonDaisy.jpg', ARRAY['https://upload.wikimedia.org/wikipedia/commons/thumb/4/48/BarbertonDaisy.jpg/960px-BarbertonDaisy.jpg', 'https://upload.wikimedia.org/wikipedia/commons/thumb/d/d4/Barberton_Daisy_%28Gerbera_jamesonii%29_%2832372962303%29.jpg/960px-Barberton_Daisy_%28Gerbera_jamesonii%29_%2832372962303%29.jpg', 'https://upload.wikimedia.org/wikipedia/commons/thumb/9/90/Gerbera_jamesonii.jpg/960px-Gerbera_jamesonii.jpg']::text[], 'non_toxic', NULL, NULL),
  ('begonia', 'Begonia', 'Begonia spp.', ARRAY['Elephant-Ear Begonia', 'Iron Cross Begonia', 'Mapleleaf Begonia', 'Metallic Leaf Begonia', 'Peace Begonia', 'Pink Pearl']::text[], ARRAY['pink', 'red', 'white', 'orange']::text[], 'https://upload.wikimedia.org/wikipedia/commons/thumb/2/28/Begonia_semperflorens.jpg/960px-Begonia_semperflorens.jpg', ARRAY['https://upload.wikimedia.org/wikipedia/commons/thumb/2/28/Begonia_semperflorens.jpg/960px-Begonia_semperflorens.jpg', 'https://upload.wikimedia.org/wikipedia/commons/f/fb/Begonia_obliqua00.jpg', 'https://upload.wikimedia.org/wikipedia/commons/1/11/943_Begonia_orbit_on_01_Jan_2009.png']::text[], 'mildly_toxic', 'Kidney failure (in grazing animals), vomiting, salivation in dogs/cats. Most toxic part is underground.', 'Soluble calcium oxalates'),
  ('chrysanthemum', 'Chrysanthemum', 'Chrysanthemum spp.', ARRAY['Mum']::text[], ARRAY['white', 'yellow', 'pink', 'red', 'orange']::text[], 'https://upload.wikimedia.org/wikipedia/commons/thumb/a/a1/Chrysanthemum_morifolium_08NOV.jpg/960px-Chrysanthemum_morifolium_08NOV.jpg', ARRAY['https://upload.wikimedia.org/wikipedia/commons/thumb/a/a1/Chrysanthemum_morifolium_08NOV.jpg/960px-Chrysanthemum_morifolium_08NOV.jpg', 'https://upload.wikimedia.org/wikipedia/commons/thumb/5/51/Chrysanthemum_%C3%97_morifolium_Dompierre_1.jpg/960px-Chrysanthemum_%C3%97_morifolium_Dompierre_1.jpg', 'https://upload.wikimedia.org/wikipedia/commons/thumb/5/56/Chrysanthemum_x_morifolium_Dompierre_2.jpg/960px-Chrysanthemum_x_morifolium_Dompierre_2.jpg']::text[], 'mildly_toxic', 'Vomiting, diarrhea, hypersalivation, incoordination, dermatitis', 'Sesquiterpene, lactones, pyrethrins and other potential irritants'),
  ('cyclamen', 'Cyclamen', 'Cyclamen spp', ARRAY['Sowbread']::text[], ARRAY['pink', 'red', 'white', 'purple']::text[], 'https://upload.wikimedia.org/wikipedia/commons/thumb/0/0d/CyclamenPersicumMill20.jpg/960px-CyclamenPersicumMill20.jpg', ARRAY['https://upload.wikimedia.org/wikipedia/commons/thumb/0/0d/CyclamenPersicumMill20.jpg/960px-CyclamenPersicumMill20.jpg', 'https://upload.wikimedia.org/wikipedia/commons/thumb/4/4e/Cyclamen_persicum_Mill_08DEC06.jpg/960px-Cyclamen_persicum_Mill_08DEC06.jpg', 'https://upload.wikimedia.org/wikipedia/commons/thumb/e/e0/Cyclamen_persicum_-_Rakefet_2009.jpg/960px-Cyclamen_persicum_-_Rakefet_2009.jpg']::text[], 'highly_toxic', 'Salivation, vomiting, diarrhea. Following large ingestions of tubers: heart rhythm abnormalities, seizures, death', 'Terpenoid saponins'),
  ('amaryllis', 'Amaryllis', 'Amaryllis spp.', ARRAY['Naked Lady']::text[], ARRAY['red', 'white', 'pink']::text[], 'https://upload.wikimedia.org/wikipedia/commons/thumb/f/f6/Amaryllis_%28Hippeastrum%29_26-01-2021._%28actm.%29_05.jpg/960px-Amaryllis_%28Hippeastrum%29_26-01-2021._%28actm.%29_05.jpg', ARRAY['https://upload.wikimedia.org/wikipedia/commons/thumb/f/f6/Amaryllis_%28Hippeastrum%29_26-01-2021._%28actm.%29_05.jpg/960px-Amaryllis_%28Hippeastrum%29_26-01-2021._%28actm.%29_05.jpg', 'https://upload.wikimedia.org/wikipedia/commons/thumb/2/2c/Amaryllis_%28Hippeastrum%29_18-01-2025._%28actm.%29_02.jpg/960px-Amaryllis_%28Hippeastrum%29_18-01-2025._%28actm.%29_02.jpg', 'https://upload.wikimedia.org/wikipedia/commons/thumb/c/cb/Amaryllis_%28Hippeastrum%29_18-01-2025._%28actm.%29_03.jpg/960px-Amaryllis_%28Hippeastrum%29_18-01-2025._%28actm.%29_03.jpg']::text[], 'mildly_toxic', 'Vomiting (not horses), depression, diarrhea, abdominal pain, hypersalivation, anorexia, tremors.', 'Lycorine and others'),
  ('tulip', 'Tulip', 'Tulipa spp.', ARRAY['Garden Tulip']::text[], ARRAY['red', 'yellow', 'pink', 'purple', 'white', 'orange']::text[], 'https://upload.wikimedia.org/wikipedia/commons/thumb/e/ea/Tulipa_suaveolens_floriade_to_Canberra.jpg/960px-Tulipa_suaveolens_floriade_to_Canberra.jpg', ARRAY['https://upload.wikimedia.org/wikipedia/commons/thumb/e/ea/Tulipa_suaveolens_floriade_to_Canberra.jpg/960px-Tulipa_suaveolens_floriade_to_Canberra.jpg', 'https://upload.wikimedia.org/wikipedia/commons/thumb/c/cf/Tulip_Tulipa_clusiana_%27Lady_Jane%27_Rock_Ledge_Flower_Edit_2000px.jpg/960px-Tulip_Tulipa_clusiana_%27Lady_Jane%27_Rock_Ledge_Flower_Edit_2000px.jpg', 'https://upload.wikimedia.org/wikipedia/commons/thumb/b/b2/Triumph_Tulip_Tulipa_%27Prinses_Irene%27_Single_2859px.jpg/960px-Triumph_Tulip_Tulipa_%27Prinses_Irene%27_Single_2859px.jpg']::text[], 'mildly_toxic', 'Vomiting, depression, diarrhea, hypersalivation. Highest concentration of toxin in bulb.', 'Tulipalin A and B'),
  ('hyacinth', 'Hyacinth', 'Hyacinthus orientalis', ARRAY['Garden Hyacinth']::text[], ARRAY['purple', 'pink', 'white', 'blue']::text[], 'https://upload.wikimedia.org/wikipedia/commons/thumb/a/ae/Garden_Hyacinth_Hyacinthus_orientalis_%27Blue_Jacket%27_Flower_2000px.jpg/960px-Garden_Hyacinth_Hyacinthus_orientalis_%27Blue_Jacket%27_Flower_2000px.jpg', ARRAY['https://upload.wikimedia.org/wikipedia/commons/thumb/a/ae/Garden_Hyacinth_Hyacinthus_orientalis_%27Blue_Jacket%27_Flower_2000px.jpg/960px-Garden_Hyacinth_Hyacinthus_orientalis_%27Blue_Jacket%27_Flower_2000px.jpg', 'https://upload.wikimedia.org/wikipedia/commons/thumb/7/7b/Garden_Hyacinth_Hyacinthus_orientalis_%27Purple_Voice%27_Flower_1644px.JPG/960px-Garden_Hyacinth_Hyacinthus_orientalis_%27Purple_Voice%27_Flower_1644px.JPG', 'https://upload.wikimedia.org/wikipedia/commons/thumb/3/3c/Hyacinthus_orientalis_Bl%C3%BCte_01.JPG/960px-Hyacinthus_orientalis_Bl%C3%BCte_01.JPG']::text[], 'mildly_toxic', 'Intense vomiting, diarrhea, occassionally with blood, depression and tremors.', 'Possibly narcissus-like alkaloids'),
  ('daffodil', 'Daffodil', 'Narcissus spp', ARRAY['Narcissus', 'Paper White']::text[], ARRAY['yellow', 'white']::text[], 'https://upload.wikimedia.org/wikipedia/commons/thumb/9/9e/Narcissus_pseudonarcissus_flower_%E2%80%93_front.jpg/960px-Narcissus_pseudonarcissus_flower_%E2%80%93_front.jpg', ARRAY['https://upload.wikimedia.org/wikipedia/commons/thumb/9/9e/Narcissus_pseudonarcissus_flower_%E2%80%93_front.jpg/960px-Narcissus_pseudonarcissus_flower_%E2%80%93_front.jpg', 'https://upload.wikimedia.org/wikipedia/commons/thumb/d/d1/Narcissus_pseudonarcissus_flower_%E2%80%93_side.jpg/960px-Narcissus_pseudonarcissus_flower_%E2%80%93_side.jpg', 'https://upload.wikimedia.org/wikipedia/commons/thumb/c/c5/Narcissus-tazetta-2014-Zachi-Evenor.jpg/960px-Narcissus-tazetta-2014-Zachi-Evenor.jpg']::text[], 'highly_toxic', 'Vomiting, salvation, diarrhea; large ingestions cause convulsions, low blood pressure, tremors and cardiac arrhythmias. Bulbs are the most poisonous part.', 'Lycorine and other alkaloids'),
  ('lily', 'Lily', 'Lilium species', ARRAY['Asian Lily', 'Easter Lily', 'Japanese Show Lily', 'Red Lily', 'Rubrum Lily', 'Stargazer Lily']::text[], ARRAY['white', 'pink', 'orange', 'yellow']::text[], 'https://upload.wikimedia.org/wikipedia/commons/thumb/9/95/Stargazer_Lillies_Lillium_orientale_%27Stargazer%27_Flower_2000px.jpg/960px-Stargazer_Lillies_Lillium_orientale_%27Stargazer%27_Flower_2000px.jpg', ARRAY['https://upload.wikimedia.org/wikipedia/commons/thumb/9/95/Stargazer_Lillies_Lillium_orientale_%27Stargazer%27_Flower_2000px.jpg/960px-Stargazer_Lillies_Lillium_orientale_%27Stargazer%27_Flower_2000px.jpg', 'https://upload.wikimedia.org/wikipedia/commons/thumb/2/2b/Lily_Lilium_%27Citronella%27_Flower.jpg/960px-Lily_Lilium_%27Citronella%27_Flower.jpg', 'https://upload.wikimedia.org/wikipedia/commons/thumb/0/05/Polistes_on_Lilium.jpg/960px-Polistes_on_Lilium.jpg']::text[], 'highly_toxic', 'Cats: kidney failure.', NULL),
  ('cast-iron-plant', 'Cast Iron Plant', 'Aspidistra elatior', ARRAY['Bar Room Plant', 'Aspidistra']::text[], ARRAY['green']::text[], 'https://upload.wikimedia.org/wikipedia/commons/6/6a/Aspidistra_elatior.png', ARRAY['https://upload.wikimedia.org/wikipedia/commons/6/6a/Aspidistra_elatior.png', 'https://upload.wikimedia.org/wikipedia/commons/thumb/8/83/Aspidistra-elatior-variegata.jpg/960px-Aspidistra-elatior-variegata.jpg', 'https://upload.wikimedia.org/wikipedia/commons/thumb/6/6d/Aspidistra_01_%28fcm%29.jpg/960px-Aspidistra_01_%28fcm%29.jpg']::text[], 'non_toxic', NULL, NULL),
  ('aluminum-plant', 'Aluminum Plant', 'Pilea cadieri', ARRAY['Watermelon Pilea']::text[], ARRAY['green', 'white']::text[], 'https://upload.wikimedia.org/wikipedia/commons/thumb/3/30/PileaCadierei.jpg/960px-PileaCadierei.jpg', ARRAY['https://upload.wikimedia.org/wikipedia/commons/thumb/3/30/PileaCadierei.jpg/960px-PileaCadierei.jpg', 'https://upload.wikimedia.org/wikipedia/commons/thumb/d/dc/Pilea_cadierei_kz3.jpg/960px-Pilea_cadierei_kz3.jpg', 'https://upload.wikimedia.org/wikipedia/commons/thumb/c/cf/Pilea_cadierei_%28Family_Urticaceae%29_-_leaves.jpg/960px-Pilea_cadierei_%28Family_Urticaceae%29_-_leaves.jpg']::text[], 'non_toxic', NULL, NULL),
  ('friendship-plant', 'Friendship Plant', 'Pilea involucrata', ARRAY['Panamiga']::text[], ARRAY['green', 'pink']::text[], 'https://upload.wikimedia.org/wikipedia/commons/thumb/2/2b/Pilea_involucrata_%28Sims%29_Urban_Moon_Valley.jpg/960px-Pilea_involucrata_%28Sims%29_Urban_Moon_Valley.jpg', ARRAY['https://upload.wikimedia.org/wikipedia/commons/thumb/2/2b/Pilea_involucrata_%28Sims%29_Urban_Moon_Valley.jpg/960px-Pilea_involucrata_%28Sims%29_Urban_Moon_Valley.jpg', 'https://upload.wikimedia.org/wikipedia/commons/thumb/7/7c/Pilea_involucrata%2C_Jard%C3%ADn_Bot%C3%A1nico%2C_M%C3%BAnich%2C_Alemania_2012-04-21%2C_DD_02.jpg/960px-Pilea_involucrata%2C_Jard%C3%ADn_Bot%C3%A1nico%2C_M%C3%BAnich%2C_Alemania_2012-04-21%2C_DD_02.jpg', 'https://upload.wikimedia.org/wikipedia/commons/thumb/8/84/Pilea_involucrata_5zz.jpg/960px-Pilea_involucrata_5zz.jpg']::text[], 'non_toxic', NULL, NULL),
  ('polka-dot-plant', 'Polka Dot Plant', 'Hypoestes phyllostachya', ARRAY['Baby’s Tears', 'Freckle Face', 'Pink Splash']::text[], ARRAY['pink', 'white', 'red']::text[], 'https://upload.wikimedia.org/wikipedia/commons/thumb/4/43/Starr_080117-1693_Hypoestes_phyllostachya.jpg/960px-Starr_080117-1693_Hypoestes_phyllostachya.jpg', ARRAY['https://upload.wikimedia.org/wikipedia/commons/thumb/4/43/Starr_080117-1693_Hypoestes_phyllostachya.jpg/960px-Starr_080117-1693_Hypoestes_phyllostachya.jpg', 'https://upload.wikimedia.org/wikipedia/commons/thumb/4/4c/Hypoestes_phyllostachya_0205.jpg/960px-Hypoestes_phyllostachya_0205.jpg', 'https://upload.wikimedia.org/wikipedia/commons/thumb/c/ca/Hypoestes_phyllostachya_0200.jpg/960px-Hypoestes_phyllostachya_0200.jpg']::text[], 'non_toxic', NULL, NULL),
  ('nerve-plant', 'Nerve Plant', 'Fittonia verschaffeltii', ARRAY['Fittonia', 'Mosaic Plant']::text[], ARRAY['pink', 'white']::text[], 'https://upload.wikimedia.org/wikipedia/commons/thumb/7/72/Colpfl25.jpg/960px-Colpfl25.jpg', ARRAY['https://upload.wikimedia.org/wikipedia/commons/thumb/7/72/Colpfl25.jpg/960px-Colpfl25.jpg', 'https://upload.wikimedia.org/wikipedia/commons/thumb/9/9a/Fittonia_verschaffeltii%2C_Jard%C3%ADn_Bot%C3%A1nico_de_M%C3%BAnich%2C_Alemania%2C_2013-01-27%2C_DD_01.JPG/960px-Fittonia_verschaffeltii%2C_Jard%C3%ADn_Bot%C3%A1nico_de_M%C3%BAnich%2C_Alemania%2C_2013-01-27%2C_DD_01.JPG', 'https://upload.wikimedia.org/wikipedia/commons/thumb/4/46/Fittonia_albivenis_61868979.jpg/960px-Fittonia_albivenis_61868979.jpg']::text[], 'non_toxic', NULL, NULL),
  ('asparagus-fern', 'Asparagus Fern', 'Asparagus densiflorus cv sprengeri', ARRAY['Lace Fern', 'Plumosa Fern', 'Racemose asparagus', 'Shatavari', 'Sprengeri Fern']::text[], ARRAY['green']::text[], 'https://upload.wikimedia.org/wikipedia/commons/0/0d/Asparagus_densiflorus_08.jpg', ARRAY['https://upload.wikimedia.org/wikipedia/commons/0/0d/Asparagus_densiflorus_08.jpg', 'https://upload.wikimedia.org/wikipedia/commons/thumb/8/83/Asparagus_densiflorus_2.JPG/960px-Asparagus_densiflorus_2.JPG', 'https://upload.wikimedia.org/wikipedia/commons/thumb/6/6b/Asparagus_fern_%2860431%29.jpg/960px-Asparagus_fern_%2860431%29.jpg']::text[], 'mildly_toxic', 'Allergic dermatitis with repeated dermal exposure. Berry ingestion could result in gastric upset (vomiting, abdominal pain, or diarrhea).', NULL),
  ('rose', 'Rose', 'Rosa Species', ARRAY['Garden Rose', 'Florist Rose']::text[], ARRAY['white', 'yellow', 'orange', 'red', 'pink']::text[], 'https://images.unsplash.com/photo-1659092556818-c8bbe7d11337?q=80&w=2070&auto=format&fit=crop', ARRAY['https://images.unsplash.com/photo-1659092556818-c8bbe7d11337?q=80&w=2070&auto=format&fit=crop', 'https://images.unsplash.com/photo-1648323537670-2bc00198c52f?q=80&w=2070&auto=format&fit=crop', 'https://images.unsplash.com/photo-1702906432719-e45b24cc4568?q=80&w=2071&auto=format&fit=crop']::text[], 'non_toxic', NULL, NULL),
  ('carnation', 'Carnation', 'Dianthus caryophyllus', ARRAY['Pinks', 'Wild Carnation', 'Sweet William']::text[], ARRAY['white', 'yellow', 'orange', 'red', 'pink', 'purple']::text[], 'https://upload.wikimedia.org/wikipedia/commons/3/3b/W_carnation4051.jpg', ARRAY['https://upload.wikimedia.org/wikipedia/commons/3/3b/W_carnation4051.jpg', 'https://upload.wikimedia.org/wikipedia/commons/thumb/6/62/Carnation_Dianthus_caryophyllus_%27Dwarf_Fragrance_Mixed%27_Flower_1500px.jpg/1280px-Carnation_Dianthus_caryophyllus_%27Dwarf_Fragrance_Mixed%27_Flower_1500px.jpg', 'https://upload.wikimedia.org/wikipedia/commons/thumb/0/07/Carnation_Dianthus_caryophyllus_%27Chabaud_Picotee_Fantasy_Mix%27_Flower_Macro_2000px.jpg/1280px-Carnation_Dianthus_caryophyllus_%27Chabaud_Picotee_Fantasy_Mix%27_Flower_Macro_2000px.jpg']::text[], 'mildly_toxic', 'Mild gastrointestinal signs, mild dermatitis', 'Unknown irritant'),
  ('peruvian-lily', 'Peruvian Lily', 'Alstroemeria', ARRAY['Lily of the Incas', 'Princess Lily', 'Alstromeria']::text[], ARRAY['white', 'yellow', 'orange', 'red', 'pink', 'purple']::text[], 'https://upload.wikimedia.org/wikipedia/commons/thumb/3/3d/Alstoemeriaceae_-_Alstroemeria_Aurea_01.jpg/1280px-Alstoemeriaceae_-_Alstroemeria_Aurea_01.jpg', ARRAY['https://upload.wikimedia.org/wikipedia/commons/thumb/3/3d/Alstoemeriaceae_-_Alstroemeria_Aurea_01.jpg/1280px-Alstoemeriaceae_-_Alstroemeria_Aurea_01.jpg', 'https://upload.wikimedia.org/wikipedia/commons/thumb/a/a2/Alstroemeria_pelegrina2.jpg/1280px-Alstroemeria_pelegrina2.jpg', 'https://upload.wikimedia.org/wikipedia/commons/thumb/6/6a/Alstroemeria_aurea_kz2.jpg/1280px-Alstroemeria_aurea_kz2.jpg']::text[], 'non_toxic', NULL, NULL),
  ('sunflower', 'Sunflower', 'Helianthus angustifolius', ARRAY['Swamp Sunflower']::text[], ARRAY['yellow', 'orange']::text[], 'https://upload.wikimedia.org/wikipedia/commons/thumb/4/40/Sunflower_sky_backdrop.jpg/1280px-Sunflower_sky_backdrop.jpg', ARRAY['https://upload.wikimedia.org/wikipedia/commons/thumb/4/40/Sunflower_sky_backdrop.jpg/1280px-Sunflower_sky_backdrop.jpg', 'https://upload.wikimedia.org/wikipedia/commons/thumb/3/39/Sunflower_Seeds_Kaldari.jpg/1280px-Sunflower_Seeds_Kaldari.jpg', 'https://upload.wikimedia.org/wikipedia/commons/thumb/0/08/Sunflower_oil_and_sunflower.jpg/1280px-Sunflower_oil_and_sunflower.jpg']::text[], 'non_toxic', NULL, NULL),
  ('hydrangea', 'Hydrangea', 'Hydrangea arborescens', ARRAY['Hortensia', 'Hills of Snow', 'Seven Bark']::text[], ARRAY['white', 'pink', 'blue', 'purple']::text[], 'https://upload.wikimedia.org/wikipedia/commons/thumb/f/fc/Hydrangea_arborescens_139866012.jpg/1280px-Hydrangea_arborescens_139866012.jpg', ARRAY['https://upload.wikimedia.org/wikipedia/commons/thumb/f/fc/Hydrangea_arborescens_139866012.jpg/1280px-Hydrangea_arborescens_139866012.jpg', 'https://upload.wikimedia.org/wikipedia/commons/thumb/2/21/%28Natural%29_Hydrangea_macrophylla%2C_Iwafune%2C_Isumi%2C_Chiba%2C_Japan_2.jpg/1280px-%28Natural%29_Hydrangea_macrophylla%2C_Iwafune%2C_Isumi%2C_Chiba%2C_Japan_2.jpg', 'https://upload.wikimedia.org/wikipedia/commons/thumb/e/ed/Hydrangea_arborescens_001.JPG/1280px-Hydrangea_arborescens_001.JPG']::text[], 'mildly_toxic', 'Vomiting, depression, diarrhea. Cyanide intoxication is rare - usually produces more of a gastrointestinal disturbance.', 'Cyanogenic glycoside'),
  ('common-snapdragon', 'Common Snapdragon', 'Antirrhinum majus', ARRAY['Garden Snapdragon']::text[], ARRAY['white', 'yellow', 'orange', 'red', 'pink', 'purple']::text[], 'https://upload.wikimedia.org/wikipedia/commons/thumb/7/77/Pink_Snapdragon_Flower-Antirrhinum_majus_01.jpg/1280px-Pink_Snapdragon_Flower-Antirrhinum_majus_01.jpg', ARRAY['https://upload.wikimedia.org/wikipedia/commons/thumb/7/77/Pink_Snapdragon_Flower-Antirrhinum_majus_01.jpg/1280px-Pink_Snapdragon_Flower-Antirrhinum_majus_01.jpg', 'https://upload.wikimedia.org/wikipedia/commons/thumb/6/6f/Antirrhinum_majus_BCBG_%2802%29.jpg/1280px-Antirrhinum_majus_BCBG_%2802%29.jpg', 'https://upload.wikimedia.org/wikipedia/commons/thumb/e/e0/Antirrhinum_majus1.jpg/1280px-Antirrhinum_majus1.jpg']::text[], 'non_toxic', NULL, NULL),
  ('peony', 'Peony', 'Paeonis officinalis', ARRAY['Garden Peony', 'Common Garden Peony']::text[], ARRAY['white', 'pink', 'red']::text[], 'https://upload.wikimedia.org/wikipedia/commons/thumb/f/fd/PaeoniaSuffruticosa7.jpg/1280px-PaeoniaSuffruticosa7.jpg', ARRAY['https://upload.wikimedia.org/wikipedia/commons/thumb/f/fd/PaeoniaSuffruticosa7.jpg/1280px-PaeoniaSuffruticosa7.jpg', 'https://upload.wikimedia.org/wikipedia/commons/thumb/3/36/Paeonia_lactiflora_02.jpg/1280px-Paeonia_lactiflora_02.jpg', 'https://upload.wikimedia.org/wikipedia/commons/thumb/a/ad/Peony_December_2008-1.jpg/1280px-Peony_December_2008-1.jpg']::text[], 'mildly_toxic', 'Vomiting, diarrhea, depression', 'Paeonol'),
  ('babys-breath', 'Baby''s Breath', 'Gypsophila elegans', ARRAY['Maidens Breath']::text[], ARRAY['white']::text[], 'https://upload.wikimedia.org/wikipedia/commons/thumb/0/09/Gypsophila_repens_-_close-up_%28aka%29.jpg/1280px-Gypsophila_repens_-_close-up_%28aka%29.jpg', ARRAY['https://upload.wikimedia.org/wikipedia/commons/thumb/0/09/Gypsophila_repens_-_close-up_%28aka%29.jpg/1280px-Gypsophila_repens_-_close-up_%28aka%29.jpg', 'https://upload.wikimedia.org/wikipedia/commons/thumb/0/0e/Gypsophila_paniculata_sl17.jpg/1280px-Gypsophila_paniculata_sl17.jpg', 'https://upload.wikimedia.org/wikipedia/commons/thumb/d/d4/Gypsophila_petraea_kz03.jpg/1280px-Gypsophila_petraea_kz03.jpg']::text[], 'non_toxic', NULL, NULL);

INSERT INTO citations (
  plant_id,
  source_name,
  source_url
)
VALUES
  ('golden-pothos', 'ASPCA Animal Poison Control - Golden Pothos', 'https://www.aspca.org/pet-care/animal-poison-control/toxic-and-non-toxic-plants/golden-pothos'),
  ('snake-plant', 'ASPCA Animal Poison Control - Snake Plant', 'https://www.aspca.org/pet-care/animal-poison-control/toxic-and-non-toxic-plants/snake-plant'),
  ('swiss-cheese-plant', 'ASPCA Animal Poison Control - Swiss Cheese Plant', 'https://www.aspca.org/pet-care/animal-poison-control/toxic-and-non-toxic-plants/swiss-cheese-plant'),
  ('heartleaf-philodendron', 'ASPCA Animal Poison Control - Heartleaf Philodendron', 'https://www.aspca.org/pet-care/animal-poison-control/toxic-and-non-toxic-plants/heartleaf-philodendron'),
  ('peace-lily', 'ASPCA Animal Poison Control - Peace Lily', 'https://www.aspca.org/pet-care/animal-poison-control/toxic-and-non-toxic-plants/peace-lily'),
  ('spider-plant', 'ASPCA Animal Poison Control - Spider Plant', 'https://www.aspca.org/pet-care/animal-poison-control/toxic-and-non-toxic-plants/spider-plant'),
  ('dracaena', 'ASPCA Animal Poison Control - Dracaena', 'https://www.aspca.org/pet-care/animal-poison-control/toxic-and-non-toxic-plants/dracaena'),
  ('money-tree', 'ASPCA Animal Poison Control - Money Tree', 'https://www.aspca.org/pet-care/animal-poison-control/toxic-and-non-toxic-plants/money-tree'),
  ('corn-plant', 'ASPCA Animal Poison Control - Corn Plant', 'https://www.aspca.org/pet-care/animal-poison-control/toxic-and-non-toxic-plants/corn-plant'),
  ('chinese-evergreen', 'ASPCA Animal Poison Control - Chinese Evergreen', 'https://www.aspca.org/pet-care/animal-poison-control/toxic-and-non-toxic-plants/chinese-evergreen'),
  ('english-ivy', 'ASPCA Animal Poison Control - English Ivy', 'https://www.aspca.org/pet-care/animal-poison-control/toxic-and-non-toxic-plants/english-ivy'),
  ('jade-plant', 'ASPCA Animal Poison Control - Jade Plant', 'https://www.aspca.org/pet-care/animal-poison-control/toxic-and-non-toxic-plants/jade-plant'),
  ('calathea', 'ASPCA Animal Poison Control - Calathea', 'https://www.aspca.org/pet-care/animal-poison-control/toxic-and-non-toxic-plants/calathea'),
  ('parlor-palm', 'ASPCA Animal Poison Control - Parlor Palm', 'https://www.aspca.org/pet-care/animal-poison-control/toxic-and-non-toxic-plants/parlor-palm'),
  ('areca-palm', 'ASPCA Animal Poison Control - Areca Palm', 'https://www.aspca.org/pet-care/animal-poison-control/toxic-and-non-toxic-plants/areca-palm'),
  ('majesty-palm', 'ASPCA Animal Poison Control - Majesty Palm', 'https://www.aspca.org/pet-care/animal-poison-control/toxic-and-non-toxic-plants/majesty-palm'),
  ('bamboo-palm', 'ASPCA Animal Poison Control - Bamboo Palm', 'https://www.aspca.org/pet-care/animal-poison-control/toxic-and-non-toxic-plants/bamboo-palm'),
  ('boston-fern', 'ASPCA Animal Poison Control - Boston Fern', 'https://www.aspca.org/pet-care/animal-poison-control/toxic-and-non-toxic-plants/boston-fern'),
  ('christmas-cactus', 'ASPCA Animal Poison Control - Christmas Cactus', 'https://www.aspca.org/pet-care/animal-poison-control/toxic-and-non-toxic-plants/christmas-cactus'),
  ('aloe', 'ASPCA Animal Poison Control - Aloe', 'https://www.aspca.org/pet-care/animal-poison-control/toxic-and-non-toxic-plants/aloe'),
  ('kalanchoe', 'ASPCA Animal Poison Control - Kalanchoe', 'https://www.aspca.org/pet-care/animal-poison-control/toxic-and-non-toxic-plants/kalanchoe'),
  ('schefflera', 'ASPCA Animal Poison Control - Schefflera', 'https://www.aspca.org/pet-care/animal-poison-control/toxic-and-non-toxic-plants/schefflera'),
  ('yucca', 'ASPCA Animal Poison Control - Yucca', 'https://www.aspca.org/pet-care/animal-poison-control/toxic-and-non-toxic-plants/yucca'),
  ('dieffenbachia', 'ASPCA Animal Poison Control - Dieffenbachia', 'https://www.aspca.org/pet-care/animal-poison-control/toxic-and-non-toxic-plants/dieffenbachia'),
  ('madagascar-dragon-tree', 'ASPCA Animal Poison Control - Madagascar Dragon Tree', 'https://www.aspca.org/pet-care/animal-poison-control/toxic-and-non-toxic-plants/madagascar-dragon-tree'),
  ('satin-pothos', 'ASPCA Animal Poison Control - Satin Pothos', 'https://www.aspca.org/pet-care/animal-poison-control/toxic-and-non-toxic-plants/satin-pothos'),
  ('baby-rubber-plant', 'ASPCA Animal Poison Control - Baby Rubber Plant', 'https://www.aspca.org/pet-care/animal-poison-control/toxic-and-non-toxic-plants/baby-rubber-plant'),
  ('emerald-ripple-peperomia', 'ASPCA Animal Poison Control - Emerald Ripple Peperomia', 'https://www.aspca.org/pet-care/animal-poison-control/toxic-and-non-toxic-plants/emerald-ripple-peperomia'),
  ('prayer-plant', 'ASPCA Animal Poison Control - Prayer Plant', 'https://www.aspca.org/pet-care/animal-poison-control/toxic-and-non-toxic-plants/prayer-plant'),
  ('flamingo-flower', 'ASPCA Animal Poison Control - Flamingo Flower', 'https://www.aspca.org/pet-care/animal-poison-control/toxic-and-non-toxic-plants/flamingo-flower'),
  ('phalaenopsis-orchid', 'ASPCA Animal Poison Control - Phalaenopsis Orchid', 'https://www.aspca.org/pet-care/animal-poison-control/toxic-and-non-toxic-plants/phalaenopsis-orchid'),
  ('dancing-doll-orchid', 'ASPCA Animal Poison Control - Dancing Doll Orchid', 'https://www.aspca.org/pet-care/animal-poison-control/toxic-and-non-toxic-plants/dancing-doll-orchid'),
  ('african-violet', 'ASPCA Animal Poison Control - African Violet', 'https://www.aspca.org/pet-care/animal-poison-control/toxic-and-non-toxic-plants/african-violet'),
  ('blushing-bromeliad', 'ASPCA Animal Poison Control - Blushing Bromeliad', 'https://www.aspca.org/pet-care/animal-poison-control/toxic-and-non-toxic-plants/blushing-bromeliad'),
  ('hibiscus', 'ASPCA Animal Poison Control - Hibiscus', 'https://www.aspca.org/pet-care/animal-poison-control/toxic-and-non-toxic-plants/hibiscus'),
  ('gerber-daisy', 'ASPCA Animal Poison Control - Gerber Daisy', 'https://www.aspca.org/pet-care/animal-poison-control/toxic-and-non-toxic-plants/gerber-daisy'),
  ('begonia', 'ASPCA Animal Poison Control - Begonia', 'https://www.aspca.org/pet-care/animal-poison-control/toxic-and-non-toxic-plants/begonia'),
  ('chrysanthemum', 'ASPCA Animal Poison Control - Chrysanthemum', 'https://www.aspca.org/pet-care/animal-poison-control/toxic-and-non-toxic-plants/chrysanthemum'),
  ('cyclamen', 'ASPCA Animal Poison Control - Cyclamen', 'https://www.aspca.org/pet-care/animal-poison-control/toxic-and-non-toxic-plants/cyclamen'),
  ('amaryllis', 'ASPCA Animal Poison Control - Amaryllis', 'https://www.aspca.org/pet-care/animal-poison-control/toxic-and-non-toxic-plants/amaryllis'),
  ('tulip', 'ASPCA Animal Poison Control - Tulip', 'https://www.aspca.org/pet-care/animal-poison-control/toxic-and-non-toxic-plants/tulip'),
  ('hyacinth', 'ASPCA Animal Poison Control - Hyacinth', 'https://www.aspca.org/pet-care/animal-poison-control/toxic-and-non-toxic-plants/hyacinth'),
  ('daffodil', 'ASPCA Animal Poison Control - Daffodil', 'https://www.aspca.org/pet-care/animal-poison-control/toxic-and-non-toxic-plants/daffodil'),
  ('lily', 'ASPCA Animal Poison Control - Lily', 'https://www.aspca.org/pet-care/animal-poison-control/toxic-and-non-toxic-plants/lily'),
  ('cast-iron-plant', 'ASPCA Animal Poison Control - Cast Iron Plant', 'https://www.aspca.org/pet-care/animal-poison-control/toxic-and-non-toxic-plants/cast-iron-plant'),
  ('aluminum-plant', 'ASPCA Animal Poison Control - Aluminum Plant', 'https://www.aspca.org/pet-care/animal-poison-control/toxic-and-non-toxic-plants/aluminum-plant'),
  ('friendship-plant', 'ASPCA Animal Poison Control - Friendship Plant', 'https://www.aspca.org/pet-care/animal-poison-control/toxic-and-non-toxic-plants/friendship-plant'),
  ('polka-dot-plant', 'ASPCA Animal Poison Control - Polka Dot Plant', 'https://www.aspca.org/pet-care/animal-poison-control/toxic-and-non-toxic-plants/polka-dot-plant'),
  ('nerve-plant', 'ASPCA Animal Poison Control - Nerve Plant', 'https://www.aspca.org/pet-care/animal-poison-control/toxic-and-non-toxic-plants/nerve-plant'),
  ('asparagus-fern', 'ASPCA Animal Poison Control - Asparagus Fern', 'https://www.aspca.org/pet-care/animal-poison-control/toxic-and-non-toxic-plants/asparagus-fern'),
  ('rose', 'ASPCA Animal Poison Control - Rose', 'https://www.aspca.org/pet-care/animal-poison-control/toxic-and-non-toxic-plants/rose'),
  ('carnation', 'ASPCA Animal Poison Control - Carnation', 'https://www.aspca.org/pet-care/animal-poison-control/toxic-and-non-toxic-plants/carnation'),
  ('peruvian-lily', 'ASPCA Animal Poison Control - Peruvian Lily', 'https://www.aspca.org/pet-care/animal-poison-control/toxic-and-non-toxic-plants/peruvian-lily'),
  ('sunflower', 'ASPCA Animal Poison Control - Sunflower', 'https://www.aspca.org/pet-care/animal-poison-control/toxic-and-non-toxic-plants/sunflower'),
  ('hydrangea', 'ASPCA Animal Poison Control - Hydrangea', 'https://www.aspca.org/pet-care/animal-poison-control/toxic-and-non-toxic-plants/hydrangea'),
  ('common-snapdragon', 'ASPCA Animal Poison Control - Common Snapdragon', 'https://www.aspca.org/pet-care/animal-poison-control/toxic-and-non-toxic-plants/common-snapdragon'),
  ('peony', 'ASPCA Animal Poison Control - Peony', 'https://www.aspca.org/pet-care/animal-poison-control/toxic-and-non-toxic-plants/peony'),
  ('babys-breath', 'ASPCA Animal Poison Control - Baby''s Breath', 'https://www.aspca.org/pet-care/animal-poison-control/toxic-and-non-toxic-plants/babys-breath');

INSERT INTO alternatives (
  toxic_plant_id,
  safe_plant_id
)
VALUES
  ('golden-pothos', 'spider-plant'),
  ('golden-pothos', 'parlor-palm'),
  ('golden-pothos', 'calathea'),
  ('golden-pothos', 'phalaenopsis-orchid'),
  ('golden-pothos', 'money-tree'),
  ('snake-plant', 'spider-plant'),
  ('snake-plant', 'parlor-palm'),
  ('snake-plant', 'calathea'),
  ('snake-plant', 'phalaenopsis-orchid'),
  ('snake-plant', 'money-tree'),
  ('swiss-cheese-plant', 'spider-plant'),
  ('swiss-cheese-plant', 'parlor-palm'),
  ('swiss-cheese-plant', 'calathea'),
  ('swiss-cheese-plant', 'phalaenopsis-orchid'),
  ('swiss-cheese-plant', 'money-tree'),
  ('heartleaf-philodendron', 'spider-plant'),
  ('heartleaf-philodendron', 'parlor-palm'),
  ('heartleaf-philodendron', 'calathea'),
  ('heartleaf-philodendron', 'phalaenopsis-orchid'),
  ('heartleaf-philodendron', 'money-tree'),
  ('peace-lily', 'spider-plant'),
  ('peace-lily', 'parlor-palm'),
  ('peace-lily', 'calathea'),
  ('peace-lily', 'phalaenopsis-orchid'),
  ('peace-lily', 'money-tree'),
  ('dracaena', 'spider-plant'),
  ('dracaena', 'parlor-palm'),
  ('dracaena', 'calathea'),
  ('dracaena', 'phalaenopsis-orchid'),
  ('dracaena', 'money-tree'),
  ('corn-plant', 'spider-plant'),
  ('corn-plant', 'parlor-palm'),
  ('corn-plant', 'calathea'),
  ('corn-plant', 'phalaenopsis-orchid'),
  ('corn-plant', 'money-tree'),
  ('chinese-evergreen', 'spider-plant'),
  ('chinese-evergreen', 'parlor-palm'),
  ('chinese-evergreen', 'calathea'),
  ('chinese-evergreen', 'phalaenopsis-orchid'),
  ('chinese-evergreen', 'money-tree'),
  ('english-ivy', 'spider-plant'),
  ('english-ivy', 'parlor-palm'),
  ('english-ivy', 'calathea'),
  ('english-ivy', 'phalaenopsis-orchid'),
  ('english-ivy', 'money-tree'),
  ('jade-plant', 'spider-plant'),
  ('jade-plant', 'parlor-palm'),
  ('jade-plant', 'calathea'),
  ('jade-plant', 'phalaenopsis-orchid'),
  ('jade-plant', 'money-tree'),
  ('aloe', 'spider-plant'),
  ('aloe', 'parlor-palm'),
  ('aloe', 'calathea'),
  ('aloe', 'phalaenopsis-orchid'),
  ('aloe', 'money-tree'),
  ('kalanchoe', 'spider-plant'),
  ('kalanchoe', 'parlor-palm'),
  ('kalanchoe', 'calathea'),
  ('kalanchoe', 'phalaenopsis-orchid'),
  ('kalanchoe', 'money-tree'),
  ('schefflera', 'spider-plant'),
  ('schefflera', 'parlor-palm'),
  ('schefflera', 'calathea'),
  ('schefflera', 'phalaenopsis-orchid'),
  ('schefflera', 'money-tree'),
  ('yucca', 'spider-plant'),
  ('yucca', 'parlor-palm'),
  ('yucca', 'calathea'),
  ('yucca', 'phalaenopsis-orchid'),
  ('yucca', 'money-tree'),
  ('dieffenbachia', 'spider-plant'),
  ('dieffenbachia', 'parlor-palm'),
  ('dieffenbachia', 'calathea'),
  ('dieffenbachia', 'phalaenopsis-orchid'),
  ('dieffenbachia', 'money-tree'),
  ('madagascar-dragon-tree', 'spider-plant'),
  ('madagascar-dragon-tree', 'parlor-palm'),
  ('madagascar-dragon-tree', 'calathea'),
  ('madagascar-dragon-tree', 'phalaenopsis-orchid'),
  ('madagascar-dragon-tree', 'money-tree'),
  ('satin-pothos', 'spider-plant'),
  ('satin-pothos', 'parlor-palm'),
  ('satin-pothos', 'calathea'),
  ('satin-pothos', 'phalaenopsis-orchid'),
  ('satin-pothos', 'money-tree'),
  ('flamingo-flower', 'spider-plant'),
  ('flamingo-flower', 'parlor-palm'),
  ('flamingo-flower', 'calathea'),
  ('flamingo-flower', 'phalaenopsis-orchid'),
  ('flamingo-flower', 'money-tree'),
  ('begonia', 'spider-plant'),
  ('begonia', 'parlor-palm'),
  ('begonia', 'calathea'),
  ('begonia', 'phalaenopsis-orchid'),
  ('begonia', 'money-tree'),
  ('chrysanthemum', 'spider-plant'),
  ('chrysanthemum', 'parlor-palm'),
  ('chrysanthemum', 'calathea'),
  ('chrysanthemum', 'phalaenopsis-orchid'),
  ('chrysanthemum', 'money-tree'),
  ('cyclamen', 'spider-plant'),
  ('cyclamen', 'parlor-palm'),
  ('cyclamen', 'calathea'),
  ('cyclamen', 'phalaenopsis-orchid'),
  ('cyclamen', 'money-tree'),
  ('amaryllis', 'spider-plant'),
  ('amaryllis', 'parlor-palm'),
  ('amaryllis', 'calathea'),
  ('amaryllis', 'phalaenopsis-orchid'),
  ('amaryllis', 'money-tree'),
  ('tulip', 'spider-plant'),
  ('tulip', 'parlor-palm'),
  ('tulip', 'calathea'),
  ('tulip', 'phalaenopsis-orchid'),
  ('tulip', 'money-tree'),
  ('hyacinth', 'spider-plant'),
  ('hyacinth', 'parlor-palm'),
  ('hyacinth', 'calathea'),
  ('hyacinth', 'phalaenopsis-orchid'),
  ('hyacinth', 'money-tree'),
  ('daffodil', 'spider-plant'),
  ('daffodil', 'parlor-palm'),
  ('daffodil', 'calathea'),
  ('daffodil', 'phalaenopsis-orchid'),
  ('daffodil', 'money-tree'),
  ('lily', 'spider-plant'),
  ('lily', 'parlor-palm'),
  ('lily', 'calathea'),
  ('lily', 'phalaenopsis-orchid'),
  ('lily', 'money-tree'),
  ('asparagus-fern', 'spider-plant'),
  ('asparagus-fern', 'parlor-palm'),
  ('asparagus-fern', 'calathea'),
  ('asparagus-fern', 'phalaenopsis-orchid'),
  ('asparagus-fern', 'money-tree'),
  ('carnation', 'rose'),
  ('carnation', 'peruvian-lily'),
  ('carnation', 'sunflower'),
  ('carnation', 'common-snapdragon'),
  ('carnation', 'babys-breath'),
  ('hydrangea', 'rose'),
  ('hydrangea', 'peruvian-lily'),
  ('hydrangea', 'sunflower'),
  ('hydrangea', 'common-snapdragon'),
  ('hydrangea', 'babys-breath'),
  ('peony', 'rose'),
  ('peony', 'peruvian-lily'),
  ('peony', 'sunflower'),
  ('peony', 'common-snapdragon'),
  ('peony', 'babys-breath');

COMMIT;
